Officer_ID,Officer_Name,Email
60767216,John Wahid Bandi,johnwahidbandi141@gmail.com
76591943,Usman Lata,usmanlata56@gmail.com
57823813,Sirish Kailash Sha,sirishkailashsha377@gmail.com
54732783,Nawab Dayal,nawabdayal307@gmail.com
30482822,Aniruddh Bumb,aniruddhbumb565@gmail.com
85124642,Bharat Bhai Deol,bharatbhaideol679@gmail.com
61431243,Devika Sehgal,devikasehgal798@gmail.com
80019992,Anil Dev Puri,anildevpuri141@gmail.com
18832830,Nazir Charlie Harjo,nazircharlieharjo151@gmail.com
77204074,Baalkrishan Nirmal Vasa,baalkrishannirmalvasa861@gmail.com
66381583,Jyoti Bijoy Kohli,jyotibijoykohli270@gmail.com
29541969,Heer Qabeel Chauhan,heerqabeelchauhan47@gmail.com
32388018,Habib Kade,habibkade681@gmail.com
43370035,Padmini Tabeed Raja,padminitabeedraja461@gmail.com
19518407,Madhu Beharry,madhubeharry357@gmail.com
83388829,Bhola Ekbal Murthy,bholaekbalmurthy470@gmail.com
86677995,Ritika Wali,ritikawali427@gmail.com
97392782,Sirish Chandra Garg,sirishchandragarg773@gmail.com
44320965,Aarif Kapoor,aarifkapoor113@gmail.com
36320596,Julie Pravin Roy,juliepravinroy710@gmail.com
55160830,Animesh Kadakia,animeshkadakia404@gmail.com
64664488,Rupesh Deo,rupeshdeo798@gmail.com
56688456,Pranab Kumar Pandya,pranabkumarpandya855@gmail.com
46068203,Megha Batra,meghabatra874@gmail.com
68675769,Aayushman Pratap Toor,aayushmanprataptoor363@gmail.com
41582502,Mehul Virk,mehulvirk289@gmail.com
87894927,Baalkrishan Wadhwa,baalkrishanwadhwa685@gmail.com
90320010,Wahid Singh Batta,wahidsinghbatta275@gmail.com
84047678,Anjana Surya Shenoy,anjanasuryashenoy875@gmail.com
96695188,Govind Joshi,govindjoshi711@gmail.com
64468247,Abbas Rashid Kapadia,abbasrashidkapadia297@gmail.com
69781588,Hanuman Dora,hanumandora77@gmail.com
32303616,Mitesh Ram Khare,miteshramkhare690@gmail.com
46084437,Charlie Banerjee,charliebanerjee410@gmail.com
28525811,Alex Ram Kapoor,alexramkapoor470@gmail.com
75109468,Radheshyam Sastry,radheshyamsastry318@gmail.com
74602408,Ajay Walla,ajaywalla799@gmail.com
19666283,Labeen Kuruvilla,labeenkuruvilla98@gmail.com
18786468,Pushpa Wahid De,pushpawahidde485@gmail.com
62459245,Indira Chia,indirachia596@gmail.com
59060591,Parvez Mohan Wagle,parvezmohanwagle277@gmail.com
40680894,Teena Zacharia,teenazacharia615@gmail.com
23477923,Sameera Uppal,sameerauppal780@gmail.com
35505566,Yogesh Modi,yogeshmodi849@gmail.com
93115097,Abbas Qabool Raja,abbasqaboolraja188@gmail.com
74512513,Falguni Balay,falgunibalay709@gmail.com
26554830,Navami Mital,navamimital576@gmail.com
46902100,Chhaya Srinivasan Parikh,chhayasrinivasanparikh664@gmail.com
35442729,Jawahar Dev Cheema,jawahardevcheema543@gmail.com
57118534,Rohini Pandey,rohinipandey260@gmail.com
43516655,Ghalib Ramaswamy,ghalibramaswamy65@gmail.com
29548899,Ratan Raj Dube,ratanrajdube112@gmail.com
29547002,Lakshmi Tanay Das,lakshmitanaydas356@gmail.com
63156120,Runjhun Persaud,runjhunpersaud748@gmail.com
13019436,Kirti Manne,kirtimanne692@gmail.com
34702867,Pinky Lad,pinkylad665@gmail.com
70980721,Pinky Das,pinkydas871@gmail.com
29046059,Nandini Suraj Sarna,nandinisurajsarna688@gmail.com
23650603,Nakul Tailor,nakultailor752@gmail.com
29076074,Darpan Jacob,darpanjacob196@gmail.com
37594748,Afreen Mammen,afreenmammen737@gmail.com
94499380,Pradeep Char,pradeepchar504@gmail.com
87788206,Eddie Sekhon,eddiesekhon876@gmail.com
59985134,Emran Kabeer Mathew,emrankabeermathew792@gmail.com
15891932,Nawab Ram Sanghvi,nawabramsanghvi881@gmail.com
54919498,Seema Sankaran,seemasankaran586@gmail.com
95302797,Arun Peter Saini,arunpetersaini459@gmail.com
13746920,Vineeta Grover,vineetagrover321@gmail.com
89520102,Divya Chad,divyachad459@gmail.com
13847034,Ankita Yogi,ankitayogi58@gmail.com
25168218,Binoya Rampersad,binoyarampersad17@gmail.com
53158650,Alex Kumer,alexkumer664@gmail.com
95783321,Usman Kushal Mallick,usmankushalmallick864@gmail.com
12649936,Kamlesh Zachariah,kamleshzachariah585@gmail.com
80435065,Urmila Pau,urmilapau343@gmail.com
34927574,Baalkrishan Rao Parsa,baalkrishanraoparsa479@gmail.com
15242956,Arjun Mohan,arjunmohan334@gmail.com
36264120,Ratan Andra,ratanandra806@gmail.com
77672410,Vijay Chandra Raghavan,vijaychandraraghavan58@gmail.com
61700580,Zaad Atwal,zaadatwal780@gmail.com
83969899,Devika Kanda,devikakanda496@gmail.com
78459615,Tushar Dev Pal,tushardevpal546@gmail.com
76624683,Albert Singh Jhaveri,albertsinghjhaveri199@gmail.com
41773962,Urvashi Mangal,urvashimangal257@gmail.com
23711313,Avantika Aggarwal,avantikaaggarwal711@gmail.com
13543161,Madhu Dayal,madhudayal595@gmail.com
54592097,Rosey Mohabir,roseymohabir639@gmail.com
83492812,Kiran Dhanush Ramroop,kirandhanushramroop289@gmail.com
18084241,Mayawati Yohannan,mayawatiyohannan685@gmail.com
91588810,Himanshu Cheema,himanshucheema744@gmail.com
13159719,Priyanka Pradeep Mahal,priyankapradeepmahal788@gmail.com
87526153,Siddharth Dayal,siddharthdayal391@gmail.com
94091821,Uma Iqbal Mane,umaiqbalmane77@gmail.com
42239185,Qabool Gade,qaboolgade780@gmail.com
75053956,Leela Ram,leelaram404@gmail.com
68112161,Ganesh Amir Banik,ganeshamirbanik376@gmail.com
20956977,Kushal Mathew,kushalmathew559@gmail.com
79651022,Lata Habib Saha,latahabibsaha295@gmail.com
30773445,Sahil Prasad Maheshwari,sahilprasadmaheshwari88@gmail.com
84547141,Alex Ram Devan,alexramdevan153@gmail.com
47997169,Savita Baldev Karnik,savitabaldevkarnik541@gmail.com
86512894,Kushal Kurian,kushalkurian60@gmail.com
