AadharCard,First_Name,Middle_Name,Last_Name,Email,H_NO,Society,Locality,PinCode,MobileNo
61441079693,Aarif,Raj,More,aarifmore2343@gmail.com,450,John Heights,Nizammuddin,110053,8.21E+09
7.56345E+11,Saurabh,Pranab,Deo,saurabhdeo724@gmail.com,116,Nalini Heights,Mehrauli Gurgaon Road,110056,9.40E+09
3.24526E+11,Babita,,Swamy,babitaswamy5406@gmail.com,42,Nishtha Apartments,Mehrauli Gurgaon Road,110056,7.66E+09
1.26955E+11,Azhar,Prasad,Cheema,azharcheema7969@gmail.com,376,Lakshmi Apartments,Paschim Vihar,110045,8.38E+09
7.563E+11,Zaad,Vicky,Joshi,zaadjoshi4831@gmail.com,481,Chhavi Villas,International Airport,110032,8.95E+09
5.0654E+11,Tejaswani,Fardeen,Viswanathan,tejaswaniviswanathan7478@gmail.com,180,Upasana Heights,Greater Kailash - I,110059,8.19E+09
8.99575E+11,Rajendra,Singh,Pradhan,rajendrapradhan7232@gmail.com,179,Naresh Villas,Paharganj,110019,7.49E+09
5.45847E+11,Jobin,,Malpani,jobinmalpani7254@gmail.com,256,Anjana Villas,Friends Colony,110041,9.19E+09
5.11162E+11,Kabeer,Prasad,Patla,kabeerpatla4316@gmail.com,189,Indira Heights,Karol Bagh,110054,9.03E+09
3709623331,Kirti,,Sant,kirtisant1432@gmail.com,180,Pirzada Society,IIT,110061,8.94E+09
4.00181E+11,Marlo,Gauransh,Ravi,marloravi2737@gmail.com,342,Moti Villas,Green Park,110073,7.63E+09
9.19175E+11,Ganesh,Bhai,Khalsa,ganeshkhalsa7908@gmail.com,139,Sirish Villas,Narela,110043,9.75E+09
5.38373E+11,Hemendra,Chandra,Chhabra,hemendrachhabra916@gmail.com,174,Daanish Villas,Green Park,110073,7.59E+09
4.15625E+11,Vimala,Chand,Pingle,vimalapingle3342@gmail.com,22,Anjana Apartments,Paschim Vihar,110045,9.27E+09
2.10462E+11,Hrishikesh,,Bhandari,hrishikeshbhandari3824@gmail.com,203,Sirish Villas,Karol Bagh,110054,9.62E+09
7.72425E+11,Ajay,,Mane,ajaymane7125@gmail.com,140,Rakhi Society,Friends Colony,110041,7.28E+09
5.99689E+11,Rashid,,Sarraf,rashidsarraf3098@gmail.com,216,Abbas Villas,Paschim Vihar,110045,7.82E+09
2.43884E+11,Qabool,,Chowdhury,qaboolchowdhury4198@gmail.com,290,Bishnu Apartments,Paschim Vihar,110045,8.51E+09
6.30818E+11,Kiran,,Oak,kiranoak6877@gmail.com,329,Bhanupriya Society,Paharganj,110019,7.77E+09
2.23263E+11,Richa,,Mallick,richamallick3811@gmail.com,242,Usha Villas,International Airport,110032,9.81E+09
9.42228E+11,Sapna,,Mitra,sapnamitra1693@gmail.com,24,Mukul Heights,Karol Bagh,110054,8.52E+09
2.31721E+11,Varun,,Naidu,varunnaidu7143@gmail.com,51,Chitranjan Apartments,Nizammuddin,110053,8.78E+09
5.37199E+11,Uma,,Kara,umakara2076@gmail.com,455,Nilam Heights,Friends Colony,110041,9.64E+09
1.00426E+11,Vijayent,,Parikh,vijayentparikh6974@gmail.com,470,Avantika Apartments,Greater Kailash - I,110059,8.35E+09
2.00523E+11,Hrishikesh,Lal,Pardeshi,hrishikeshpardeshi2330@gmail.com,126,Charlie Society,Karol Bagh,110054,9.23E+09
7.35362E+11,Kalpana,,Sood,kalpanasood7170@gmail.com,176,Brock Society,Paschim Vihar,110045,7.36E+09
5.59081E+11,Sukriti,Peter,Rajagopalan,sukritirajagopalan3787@gmail.com,338,Kiran Heights,Friends Colony,110041,7.14E+09
1.07331E+11,Akshay,,Rattan,akshayrattan8009@gmail.com,333,Seema Society,Mehrauli Gurgaon Road,110056,8.22E+09
8.55485E+11,Yogesh,Dev,Kaur,yogeshkaur3099@gmail.com,71,Preshita Heights,Green Park,110073,9.59E+09
2.33819E+11,Radhe,,Master,radhemaster6912@gmail.com,236,Kiran Villas,Nizammuddin,110053,8.57E+09
4.4772E+11,Rashid,,Sunder,rashidsunder4544@gmail.com,341,Nalini Society,Narela,110043,7.64E+09
8.70623E+11,Abdul,Nawab,Toor,abdultoor2420@gmail.com,300,Nupoor Villas,Lajpat Nagar,110077,9.80E+09
8.63646E+11,Mukul,,Mohabir,mukulmohabir7569@gmail.com,272,Akshay Society,Paharganj,110019,7.23E+09
4.73279E+11,Kim,Neerendra,Kapadia,kimkapadia7796@gmail.com,287,Sid Society,Naraina,110023,9.50E+09
2.94929E+11,Kalyan,Dev,Mehrotra,kalyanmehrotra2998@gmail.com,256,Ricky Society,Naraina,110023,8.51E+09
1.92229E+11,Nishita,Darpan,Mehra,nishitamehra3290@gmail.com,322,Zeeshan Heights,Golf Links,110044,9.57E+09
2.49912E+11,Divya,,Chaudhary,divyachaudhary1950@gmail.com,317,Pravin Apartments,Nehru Place,110035,8.37E+09
4.94994E+11,Virat,Eddie,Varkey,viratvarkey1274@gmail.com,241,Nayan Apartments,Naraina,110023,8.23E+09
8.87545E+11,Arjun,,Jaggi,arjunjaggi7068@gmail.com,450,Laveena Society,Mehrauli Gurgaon Road,110056,9.50E+09
1.03782E+11,Sohail,,Mathur,sohailmathur4157@gmail.com,116,Karim Heights,Nehru Place,110035,9.24E+09
4.09976E+11,Afreen,,Malpani,afreenmalpani3353@gmail.com,423,Iqbal Villas,Nizammuddin,110053,9.28E+09
3.85417E+11,Atul,Ram,Shanker,atulshanker6565@gmail.com,485,Anand Villas,Paschim Vihar,110045,9.45E+09
3.94014E+11,Priyanka,,Pingle,priyankapingle6544@gmail.com,133,Dhanush Heights,Naraina,110023,9.41E+09
6.76987E+11,Preshita,Kailash,Dutt,preshitadutt5206@gmail.com,91,Bhola Apartments,Paschim Vihar,110045,7.50E+09
7.59389E+11,Radhika,,Ganesan,radhikaganesan1114@gmail.com,430,Bhola Apartments,IIT,110061,7.19E+09
3.18907E+11,Mustafa,Rao,Koshy,mustafakoshy6438@gmail.com,250,Omar Society,Mayur Vihar,110074,9.48E+09
2.10301E+11,Pinky,,Zacharia,pinkyzacharia2348@gmail.com,21,Sona Heights,Narela,110043,7.82E+09
1.56197E+11,Hrishikesh,Lal,Comar,hrishikeshcomar8697@gmail.com,63,Jyoti Society,Mehrauli Gurgaon Road,110056,9.25E+09
7.16105E+11,Savita,,Ramnarine,savitaramnarine4264@gmail.com,146,Monica Society,Nehru Place,110035,8.90E+09
9.53321E+11,Baldev,Rao,Reddy,baldevreddy6670@gmail.com,77,Pradeep Heights,Paschim Vihar,110045,9.50E+09
5.52029E+11,Nazir,Lal,Kannan,nazirkannan8418@gmail.com,421,Kim Society,Golf Links,110044,7.49E+09
99705864675,Lalit,,Hari,lalithari3124@gmail.com,303,Chhaya Society,Lajpat Nagar,110077,8.42E+09
5.96155E+11,Harbhajan,,Ramaswamy,harbhajanramaswamy1614@gmail.com,341,Gowri Apartments,Nehru Place,110035,9.91E+09
3.93228E+11,Divya,Munaf,Beharry,divyabeharry4812@gmail.com,290,Arun Society,International Airport,110032,8.87E+09
4.96431E+11,Rajendra,,Murthy,rajendramurthy8602@gmail.com,197,Yogesh Heights,Friends Colony,110041,9.00E+09
2.45667E+11,Amir,Prasad,Mohan,amirmohan1452@gmail.com,470,Leela Heights,IIT,110061,8.83E+09
3.63835E+11,Feroz,Nayan,Arya,ferozarya4783@gmail.com,358,Ekbal Apartments,Mehrauli Gurgaon Road,110056,8.53E+09
8.20038E+11,Gowri,,Agate,gowriagate8150@gmail.com,184,Mohanlal Heights,Narela,110043,9.63E+09
2.73341E+11,Narmada,,Mohanty,narmadamohanty4435@gmail.com,264,Poonam Villas,Greater Kailash - I,110059,9.41E+09
8.89514E+11,Siddharth,,Mahadeo,siddharthmahadeo6971@gmail.com,474,Maya Villas,Narela,110043,8.46E+09
8.71366E+11,Radheshyam,Habib,Choudhary,radheshyamchoudhary6218@gmail.com,146,Priyanka Heights,Karol Bagh,110054,8.53E+09
48719095925,Ibrahim,Chandra,Loke,ibrahimloke923@gmail.com,317,Navami Society,IIT,110061,9.13E+09
5.27898E+11,Neerendra,Chandra,Thakkar,neerendrathakkar7385@gmail.com,131,Tushar Apartments,Narela,110043,8.37E+09
4.53911E+11,Indira,,Palan,indirapalan6204@gmail.com,367,Monica Apartments,Golf Links,110044,9.25E+09
41230731286,Emran,,Dasgupta,emrandasgupta7546@gmail.com,278,Bhanupriya Apartments,Greater Kailash - I,110059,9.95E+09
8.7302E+11,Somnath,,Apte,somnathapte1654@gmail.com,88,Habib Apartments,Karol Bagh,110054,8.98E+09
1.65624E+11,Somnath,Rao,Oak,somnathoak8006@gmail.com,489,Farah Heights,Lajpat Nagar,110077,8.67E+09
7.7227E+11,Isha,,Sandal,ishasandal8585@gmail.com,69,Radha Apartments,International Airport,110032,8.32E+09
1.27909E+11,Wahid,Rao,Parmar,wahidparmar8159@gmail.com,167,Sai Apartments,Nizammuddin,110053,7.23E+09
9.80995E+11,Manoj,,Sant,manojsant924@gmail.com,190,Virat Heights,Panchshil Enclave,110018,9.73E+09
2.86203E+11,Narmada,,Yohannan,narmadayohannan2122@gmail.com,310,Tabeed Heights,Karol Bagh,110054,9.92E+09
9.76488E+11,Falguni,Pravin,Lad,falgunilad6178@gmail.com,244,Nidhi Heights,Green Park,110073,8.05E+09
7.12575E+11,Rajesh,,Jaggi,rajeshjaggi1769@gmail.com,427,Narayan Apartments,Mehrauli Gurgaon Road,110056,7.88E+09
1.07402E+11,Wahid,,Sachar,wahidsachar2347@gmail.com,387,Pranay Heights,Nizammuddin,110053,9.17E+09
2.68145E+11,Wafiq,Pratap,Thomas,wafiqthomas2494@gmail.com,265,Yadu Apartments,International Airport,110032,7.37E+09
7.82315E+11,Kirti,Bhai,Philip,kirtiphilip7716@gmail.com,232,Narayan Society,International Airport,110032,8.81E+09
6.01148E+11,Qadim,,Thakur,qadimthakur8739@gmail.com,428,Natwar Apartments,Paschim Vihar,110045,8.57E+09
5.9924E+11,Ananya,,Talwar,ananyatalwar5738@gmail.com,344,Emran Villas,Friends Colony,110041,8.48E+09
2.63508E+11,Sirish,,Dar,sirishdar3944@gmail.com,374,Esha Society,Golf Links,110044,9.41E+09
8.75956E+11,Vivek,Raju,Sethi,viveksethi3832@gmail.com,79,Anshu Heights,Nizammuddin,110053,7.66E+09
8.72615E+11,Himani,Ganesh,Nagar,himaninagar6492@gmail.com,89,Poonam Villas,Nehru Place,110035,7.65E+09
2.16486E+11,Monin,,Lachman,moninlachman6685@gmail.com,479,Prasoon Society,Narela,110043,7.72E+09
8.0872E+11,Abhinav,,Chahal,abhinavchahal5073@gmail.com,456,Shashank Apartments,IIT,110061,9.63E+09
4.89499E+11,Dinesh,,George,dineshgeorge4746@gmail.com,97,Bahadur Heights,International Airport,110032,8.57E+09
5.71694E+11,Pamela,Jatin,Sheth,pamelasheth8997@gmail.com,302,Anshu Society,Paschim Vihar,110045,9.14E+09
8.21306E+11,Bishnu,Pratap,Korpal,bishnukorpal7431@gmail.com,496,Tanuja Villas,Karol Bagh,110054,7.72E+09
6.88783E+11,Amrit,Chandra,Saxena,amritsaxena7740@gmail.com,408,Bhanupriya Villas,Naraina,110023,8.51E+09
7.36185E+11,Jayshree,,Mammen,jayshreemammen1120@gmail.com,188,Hrishikesh Society,IIT,110061,7.70E+09
7.06602E+11,Ehsaan,Dev,Chakrabarti,ehsaanchakrabarti7901@gmail.com,497,Balaji Apartments,Naraina,110023,7.52E+09
21509693466,Charandeep,Sharad,Lata,charandeeplata6751@gmail.com,344,Aarif Heights,Karol Bagh,110054,9.11E+09
4.93108E+11,Ram,Gopal,Mitter,rammitter1243@gmail.com,96,Lakshmi Society,Greater Kailash - I,110059,9.87E+09
7.90064E+11,Rajesh,Raj,Baral,rajeshbaral5344@gmail.com,171,Nawab Apartments,Lajpat Nagar,110077,8.20E+09
6.17201E+11,Kalyani,Mustafa,Varghese,kalyanivarghese2677@gmail.com,176,Anusha Society,Nehru Place,110035,7.20E+09
61091115587,Ram,Gopal,Parsa,ramparsa8460@gmail.com,163,Riya Heights,Narela,110043,9.07E+09
5.95536E+11,Rachel,Hassan,Singhal,rachelsinghal7915@gmail.com,262,Nishita Heights,Friends Colony,110041,8.48E+09
2.01242E+11,Aniruddh,,Chanda,aniruddhchanda3358@gmail.com,149,Akshay Heights,Green Park,110073,8.23E+09
6.40004E+11,Qadim,Prasad,Shan,qadimshan7691@gmail.com,440,Esha Apartments,Naraina,110023,8.65E+09
9.45955E+11,Abhinav,Qabool,Sarraf,abhinavsarraf8655@gmail.com,315,Namita Society,Mehrauli Gurgaon Road,110056,8.13E+09
6.2853E+11,Usman,,Parekh,usmanparekh4360@gmail.com,128,Dinesh Villas,Lajpat Nagar,110077,8.23E+09
1.10217E+11,Kabeer,,Nagar,kabeernagar5532@gmail.com,446,Vijayent Villas,Karol Bagh,110054,8.04E+09
