EmployeeID,First_Name,Middle_Name,Last_Name,Gender,DOB,Email,H_NO,Society,Locality,PinCode,MobileNo
53957299,Kalyani,,Pandit,M,20-07-1998,kalyanipandit7745@gmail.com,221,Wahid Society,Paharganj,110019,9400000000
50171057,Ankita,,Dhillon,F,26-09-2002,ankitadhillon7744@gmail.com,410,Krishna Villas,Golf Links,110044,7890000000
78560025,Naval,Ram,Chawla,M,18-02-1997,navalchawla8794@gmail.com,102,Pushpa Heights,Paschim Vihar,110045,9270000000
26536970,Mayawati,,Hari,M,31-10-1982,mayawatihari2652@gmail.com,402,Kamlesh Society,Naraina,110023,9690000000
43023959,Namita,,Gara,F,17-06-1994,namitagara5342@gmail.com,480,Virat Heights,Karol Bagh,110054,9910000000
63713080,Urvashi,,Hegde,F,07-08-1991,urvashihegde1869@gmail.com,400,Leela Society,Golf Links,110044,9510000000
65591535,Gunjan,,Ramakrishnan,F,10-06-1997,gunjanramakrishnan3849@gmail.com,268,Aabha Villas,IIT,110061,9010000000
52293088,Kailash,Prasad,Grover,F,24-12-1995,kailashgrover2508@gmail.com,267,Aarushi Society,Panchshil Enclave,110018,7950000000
49484353,Aabha,,Gill,M,21-09-1976,aabhagill2842@gmail.com,248,Bhaagyasree Heights,IIT,110061,9500000000
42309815,Rakhi,,Sehgal,M,25-10-1965,rakhisehgal6154@gmail.com,284,Bhaagyasree Villas,Narela,110043,8980000000
24823468,Mohit,,Jha,F,19-11-1964,mohitjha6766@gmail.com,18,Gayatri Heights,Golf Links,110044,8370000000
31451812,Vikrant,Raj,Om,F,24-06-2005,vikrantom4601@gmail.com,72,Sona Society,Mayur Vihar,110074,7960000000
55966002,Omar,,Hora,M,13-02-1968,omarhora5858@gmail.com,471,Bishnu Villas,Paschim Vihar,110045,9870000000
17340389,Arpit,,Choudhary,M,09-08-1991,arpitchoudhary1313@gmail.com,422,Zaad Apartments,New Friends Colony,110038,9390000000
75551053,Zeeshan,Singh,Bahl,M,09-11-1977,zeeshanbahl7192@gmail.com,440,Vivek Society,Paschim Vihar,110045,8810000000
19874719,Wahid,Ram,Gupta,M,18-04-1988,wahidgupta4995@gmail.com,321,Wahid Society,Greater Kailash - I,110059,7330000000
42955669,Amrita,,Srivastava,F,11-07-1985,amritasrivastava3261@gmail.com,213,Ganesh Apartments,Greater Kailash - I,110059,9230000000
73335441,Mukti,,Mathew,F,16-03-1979,muktimathew446@gmail.com,326,Bharat Villas,Nizammuddin,110053,9500000000
31818034,Prasoon,Raj,Kade,F,04-11-1979,prasoonkade6538@gmail.com,174,Indrani Apartments,Nizammuddin,110053,9070000000
71124032,Srinivasan,Chandra,Ravi,F,02-01-1997,srinivasanravi2603@gmail.com,262,Kajol Society,Narela,110043,9290000000
13631017,Samir,Bhai,Rau,F,28-02-1986,samirrau3419@gmail.com,454,Urmila Apartments,Nehru Place,110035,8150000000
64572569,Mowgli,Singh,Jhaveri,F,21-11-1977,mowglijhaveri148@gmail.com,94,Narmada Apartments,Panchshil Enclave,110018,7280000000
58792861,Ankita,,D’Alia,F,16-12-1991,ankitad’alia3977@gmail.com,435,Rahim Apartments,Paschim Vihar,110045,8950000000
37623444,Lalit,Rao,Ram,M,04-08-1991,lalitram7408@gmail.com,133,Jamshed Apartments,Lajpat Nagar,110077,8330000000
52311614,Rashid,,Ravi,F,15-11-1999,rashidravi6898@gmail.com,485,Kamlesh Apartments,Karol Bagh,110054,9420000000
56237221,Ishat,Kirti,Bhattacharyya,F,10-05-2005,ishatbhattacharyya1737@gmail.com,343,Rohini Villas,Nizammuddin,110053,9780000000
80480009,Mowgli,Bhai,Gupta,F,18-03-1962,mowgligupta7377@gmail.com,139,Rajendra Society,Panchshil Enclave,110018,8790000000
53656591,Tushar,Dev,Sawhney,F,05-06-1975,tusharsawhney3580@gmail.com,269,Usman Villas,Panchshil Enclave,110018,9560000000
26525148,Vivek,Qabool,Baria,F,05-03-1995,vivekbaria8713@gmail.com,89,Damini Apartments,Paharganj,110019,8500000000
35650083,Chameli,,Mody,M,09-02-2000,chamelimody5125@gmail.com,179,Hassan Villas,Golf Links,110044,9810000000
50133432,Mukti,,Sangha,M,27-01-1969,muktisangha6008@gmail.com,86,Sneha Apartments,Green Park,110073,9980000000
32276978,Nupoor,,Shah,F,31-01-1995,nupoorshah4654@gmail.com,335,Leelawati Villas,Mayur Vihar,110074,8570000000
30530445,Emran,,Kanda,F,08-05-1981,emrankanda7509@gmail.com,250,Yasmin Society,Nehru Place,110035,9230000000
18902447,Amrit,,Biswas,M,12-06-1992,amritbiswas8843@gmail.com,370,Chhavi Villas,Panchshil Enclave,110018,7930000000
49864170,Faraz,Fardeen,Ramesh,F,14-12-1995,farazramesh1267@gmail.com,272,Nitin Apartments,Golf Links,110044,9860000000
66444886,Akshay,Gauransh,Anand,M,21-10-1967,akshayanand5551@gmail.com,422,Hrishikesh Apartments,Golf Links,110044,7580000000
30480912,Tejaswani,Mohit,Vora,F,02-12-1981,tejaswanivora3562@gmail.com,295,Nancy Society,Greater Kailash - I,110059,8640000000
22223248,Raj,Yadu,Bhakta,M,30-11-1990,rajbhakta6372@gmail.com,239,Aayushi Society,Nehru Place,110035,9130000000
71408632,Zara,Himesh,Tripathi,M,26-05-1981,zaratripathi17@gmail.com,314,Naseer Apartments,Paharganj,110019,7590000000
57740667,Akhil,,Kadakia,F,24-06-1988,akhilkadakia98@gmail.com,384,Harbhajan Apartments,Golf Links,110044,7510000000
44841587,Aadish,Dhiraj,Thaman,M,09-09-2003,aadishthaman7278@gmail.com,470,Balaji Heights,Friends Colony,110041,8400000000
39274986,Anshu,,Tailor,M,26-09-1975,anshutailor24@gmail.com,373,Kasturba Society,Nizammuddin,110053,7890000000
79017820,Alka,,Hans,F,03-11-1992,alkahans4505@gmail.com,5,Sid Society,IIT,110061,8770000000
37098276,Gulab,,Kurian,M,12-06-2001,gulabkurian3982@gmail.com,491,Afreen Apartments,Greater Kailash - I,110059,8460000000
11597330,Mukund,Rao,Trivedi,M,30-05-1995,mukundtrivedi2147@gmail.com,155,Navami Society,New Friends Colony,110038,9170000000
32508424,Umar,Raj,Bhalla,F,13-06-1984,umarbhalla8447@gmail.com,167,Deep Villas,Narela,110043,7320000000
24920358,Baalkrishan,,Chohan,M,02-07-1985,baalkrishanchohan6009@gmail.com,145,Nutan Villas,Greater Kailash - I,110059,8520000000
84466504,Somnath,,Chhabra,M,08-01-2002,somnathchhabra5911@gmail.com,486,Baber Apartments,International Airport,110032,9710000000
19169185,Bharat,Yash,Grover,F,25-02-1976,bharatgrover90@gmail.com,228,Raj Society,International Airport,110032,9920000000
16680838,Jack,,Ganesh,F,01-07-1968,jackganesh5475@gmail.com,25,Mayawati Villas,Greater Kailash - I,110059,7770000000
29359065,Karim,Chandra,Kamdar,F,16-08-1996,karimkamdar2499@gmail.com,252,Darpan Apartments,Friends Colony,110041,7140000000
41027563,Javed,,Gulati,F,18-12-1976,javedgulati8898@gmail.com,161,Riya Heights,Paharganj,110019,9110000000
59456593,Hetan,,Date,M,19-09-1965,hetandate3644@gmail.com,437,Teena Society,Paschim Vihar,110045,8040000000
87380711,Dinesh,Suraj,Pradhan,M,22-08-1977,dineshpradhan6642@gmail.com,472,Parminder Villas,Narela,110043,8990000000
16655888,Mitesh,Bhai,Bava,M,06-12-1982,miteshbava3233@gmail.com,283,Neerendra Society,Paharganj,110019,8100000000
73024584,Giaan,Pirzada,Dewan,F,16-03-1980,giaandewan4516@gmail.com,227,Monin Heights,Karol Bagh,110054,9860000000
85121322,Damini,,Balakrishnan,M,05-05-1961,daminibalakrishnan7763@gmail.com,451,Balaji Society,Mayur Vihar,110074,9230000000
51894582,Pranay,Albert,Venkatesh,M,25-02-1993,pranayvenkatesh6294@gmail.com,50,Laveena Heights,Green Park,110073,8200000000
58307211,Megha,,Yogi,F,22-02-2003,meghayogi5583@gmail.com,413,Zara Villas,New Friends Colony,110038,9140000000
83464015,Kusum,,Lala,M,12-12-2004,kusumlala3024@gmail.com,2,Bhairavi Apartments,Friends Colony,110041,8400000000
61795274,Preshita,,Rampersad,M,27-04-1961,preshitarampersad7234@gmail.com,315,Ehsaan Apartments,Friends Colony,110041,7170000000
79444633,Abbas,,Saraf,F,13-07-1971,abbassaraf1912@gmail.com,48,Devendra Villas,Paharganj,110019,9680000000
18713207,Babita,,Srinivasan,M,28-02-1985,babitasrinivasan2037@gmail.com,138,Veena Society,Naraina,110023,9530000000
83346627,Naval,,Garde,M,25-05-1985,navalgarde8496@gmail.com,293,Indrani Society,Greater Kailash - I,110059,7860000000
12026848,Himani,,Sidhu,F,13-01-2002,himanisidhu7615@gmail.com,31,Kirti Society,Karol Bagh,110054,9710000000
30494337,Nirmal,Pratap,Chand,F,01-10-1985,nirmalchand1781@gmail.com,147,Devika Villas,Paharganj,110019,9420000000
71275908,Fakaruddin,,Narula,F,05-01-2000,fakaruddinnarula4494@gmail.com,149,Kushal Heights,Mayur Vihar,110074,7430000000
68314015,Marlo,Dev,Mathew,M,16-06-1971,marlomathew5934@gmail.com,462,Mayawati Society,Naraina,110023,8510000000
48829830,Akhil,,Mehrotra,F,15-09-1999,akhilmehrotra3980@gmail.com,85,Qabeel Society,Mehrauli Gurgaon Road,110056,8370000000
79601545,Suresh,,Gara,M,02-11-1992,sureshgara1297@gmail.com,236,Nilam Heights,Greater Kailash - I,110059,7260000000
28826590,Akhil,,Dad,F,03-10-1973,akhildad2146@gmail.com,453,Prerna Villas,Greater Kailash - I,110059,7920000000
71036995,Arun,Singh,Mohabir,F,01-12-1984,arunmohabir4437@gmail.com,371,Devika Society,New Friends Colony,110038,7910000000
23108807,Jobin,,Bal,F,05-03-1962,jobinbal5105@gmail.com,60,Divya Villas,Lajpat Nagar,110077,8260000000
53842702,Aarushi,,Lanka,M,14-01-1977,aarushilanka2090@gmail.com,126,Ankita Villas,Lajpat Nagar,110077,8490000000
88283648,Preet,,Loyal,F,05-02-1976,preetloyal487@gmail.com,121,Urmila Apartments,Lajpat Nagar,110077,9280000000
11312393,Binita,,Sekhon,M,11-05-1980,binitasekhon5412@gmail.com,300,Rupal Society,Nehru Place,110035,7450000000
62616734,Wahid,Lal,Chandra,F,29-08-2004,wahidchandra2925@gmail.com,298,Tanay Villas,International Airport,110032,8840000000
87592476,Damini,,Sami,M,16-09-1985,daminisami312@gmail.com,431,Yadu Heights,Mayur Vihar,110074,7340000000
21719735,Deepesh,Pratap,Narayan,M,11-09-1991,deepeshnarayan3136@gmail.com,79,Himani Villas,Lajpat Nagar,110077,8570000000
81220568,Koushtubh,,Shroff,F,22-12-1960,koushtubhshroff4991@gmail.com,322,Yasmin Society,Green Park,110073,7800000000
44726205,Balaji,,Karpe,M,19-11-1978,balajikarpe7621@gmail.com,256,Raj Heights,Naraina,110023,9280000000
79627720,Somnath,Ibrahim,Lal,F,20-03-1974,somnathlal6411@gmail.com,477,Ujwal Villas,Nehru Place,110035,7600000000
39839388,Krishna,Karim,Ravel,F,24-11-1996,krishnaravel3873@gmail.com,381,Deepesh Society,New Friends Colony,110038,8380000000
34975787,Ghalib,,Parmer,M,21-03-2004,ghalibparmer130@gmail.com,379,Gayatri Society,Green Park,110073,7370000000
42586221,Fardeen,,Kale,F,12-02-1984,fardeenkale4883@gmail.com,129,Jagdish Society,Golf Links,110044,8300000000
68371354,Varun,Umar,Mogul,M,05-01-1965,varunmogul3145@gmail.com,339,Rajendra Apartments,Green Park,110073,8770000000
78690419,Tanay,Bhai,Chia,M,17-04-1997,tanaychia684@gmail.com,439,Suraj Villas,Greater Kailash - I,110059,9090000000
53007390,Sirish,,Raghavan,F,21-11-2001,sirishraghavan2416@gmail.com,13,Rupesh Villas,IIT,110061,7200000000
70917909,Supriya,,Tank,F,26-05-1999,supriyatank8104@gmail.com,63,Harbhajan Society,International Airport,110032,9690000000
18926109,Mohanlal,Rao,Gala,M,03-08-1983,mohanlalgala3340@gmail.com,92,Uday Society,Nehru Place,110035,7480000000
58705784,Rachel,,Hora,F,28-02-1984,rachelhora6717@gmail.com,458,Indrani Heights,Paharganj,110019,8380000000
45381926,Chameli,,Nagi,F,29-10-1997,chamelinagi7571@gmail.com,264,Navami Heights,Paschim Vihar,110045,8660000000
32891040,Aniruddh,,Rau,F,10-11-1994,aniruddhrau3821@gmail.com,144,Arvind Heights,Karol Bagh,110054,9480000000
69505280,Nikita,,Raj,F,07-11-1974,nikitaraj2746@gmail.com,462,Kirti Heights,Paschim Vihar,110045,9460000000
84350301,Mitesh,Srinivasan,Wadhwa,M,11-04-1985,miteshwadhwa3314@gmail.com,7,Prabha Villas,Paharganj,110019,9050000000
87102571,Feroz,Ram,Bansal,M,05-02-2005,ferozbansal1525@gmail.com,321,Parminder Society,Paschim Vihar,110045,9240000000
56385621,Jamshed,Karim,Som,M,05-05-1989,jamshedsom3468@gmail.com,64,Omar Heights,Lajpat Nagar,110077,9170000000
46043314,Urvashi,,Harjo,M,25-10-1980,urvashiharjo5132@gmail.com,41,Ruchi Apartments,New Friends Colony,110038,8260000000
11858070,Yamini,,Karan,M,21-11-1974,yaminikaran8414@gmail.com,342,Damini Apartments,Golf Links,110044,8410000000
84062888,Kirti,,Vohra,M,22-06-1989,kirtivohra5174@gmail.com,201,Rajesh Villas,New Friends Colony,110038,8110000000
14685862,Gulzar,,Chada,M,01-10-2001,gulzarchada2851@gmail.com,391,Sushmita Villas,Mayur Vihar,110074,7170000000
83305194,Mukti,Tanay,Chopra,F,26-10-1982,muktichopra7077@gmail.com,271,Urvashi Society,Nizammuddin,110053,8780000000
80502566,Azhar,Ganesh,Nanda,M,24-08-1980,azharnanda6431@gmail.com,234,Wahid Heights,Mayur Vihar,110074,9140000000
72256082,Sushmita,,Dad,M,30-07-1984,sushmitadad5840@gmail.com,384,Hetan Heights,Naraina,110023,8130000000
48544980,Aditya,,Malhotra,F,08-11-1995,adityamalhotra8143@gmail.com,493,Aisha Heights,Paharganj,110019,9940000000
17812204,Kalyan,,Raval,M,25-03-1961,kalyanraval2095@gmail.com,300,Alex Heights,New Friends Colony,110038,7650000000
44057177,Natwar,,Pal,M,18-08-1988,natwarpal3184@gmail.com,136,Himani Villas,New Friends Colony,110038,7950000000
40615995,Suresh,,Nadkarni,M,16-10-1992,sureshnadkarni3231@gmail.com,337,Rupal Heights,Paschim Vihar,110045,8090000000
51120995,Ananya,,Mital,M,18-06-1988,ananyamital185@gmail.com,388,Roma Villas,Green Park,110073,7710000000
37222965,Jasmin,Nayan,Randhawa,F,07-03-1989,jasminrandhawa733@gmail.com,277,Aslam Apartments,Mayur Vihar,110074,8510000000
53242304,Rajendra,Malik,Lodi,M,04-09-1983,rajendralodi8429@gmail.com,481,Navami Heights,Lajpat Nagar,110077,7370000000
14616298,Isha,,Subramanian,M,07-01-1974,ishasubramanian4865@gmail.com,332,Ram Apartments,Paharganj,110019,9100000000
24170912,Tejaswani,,Zacharia,M,10-11-1999,tejaswanizacharia2015@gmail.com,302,Alpa Society,Nehru Place,110035,9450000000
19128732,Preshita,,Kakar,M,10-05-2001,preshitakakar6906@gmail.com,44,Madhu Apartments,Narela,110043,9380000000
