ServiceID,First_Name,Middle_Name,Last_Name,Gender,DOB,Email,H_NO,Society,Locality,PinCode,MobileNo,PoliceStationID
39613961,Devendra,Ram,Mistry,M,1980-08-06,devendramistry4829@gmail.com,399,Balaji Heights,IIT,110061,7.85E+09,1
75940865,Nishita,,Narayanan,M,1982-08-02,nishitanarayanan8083@gmail.com,51,Geetanjali Heights,Paschim Vihar,110045,7.13E+09,2
58856776,Mustafa,Kumar,Kapadia,F,1967-10-18,mustafakapadia4752@gmail.com,231,Mayawati Society,Nizammuddin,110053,9.52E+09,3
39144307,Albert,,Bandi,M,1962-06-25,albertbandi1381@gmail.com,330,David Society,Mehrauli Gurgaon Road,110056,8.96E+09,4
88392774,Mohit,Singh,Handa,F,1961-04-20,mohithanda1377@gmail.com,371,Lakshmi Apartments,Greater Kailash - I,110059,7.21E+09,5
20619148,Krishna,,D’Alia,M,1962-02-05,krishnad’alia5090@gmail.com,465,Roma Society,International Airport,110032,9.88E+09,6
89416486,Ananya,,Deep,M,1960-06-30,ananyadeep3406@gmail.com,163,Yamini Heights,Green Park,110073,9.81E+09,7
63813275,Naina,Naseer,Nagar,M,1976-10-20,nainanagar4944@gmail.com,418,Jagruti Heights,Paharganj,110019,8.38E+09,8
47860353,Manoj,,Chadha,F,1994-02-09,manojchadha287@gmail.com,102,Mohan Society,Naraina,110023,8.60E+09,9
36708486,Hari,,Nagar,F,1980-05-31,harinagar1272@gmail.com,391,Ujwal Society,Friends Colony,110041,8.78E+09,10
66538693,Saurabh,Faisal,Bhatia,M,1986-02-13,saurabhbhatia198@gmail.com,83,Suresh Villas,Nehru Place,110035,9.43E+09,11
69433731,Wafa,Lal,Om,F,1972-03-24,wafaom4211@gmail.com,380,Julie Villas,Mayur Vihar,110074,9.08E+09,12
87807788,Gulab,,Prabhakar,M,2004-09-24,gulabprabhakar3054@gmail.com,317,Bhaagyasree Society,IIT,110061,8.83E+09,13
22454582,Nishi,,Balasubramanian,M,1989-03-05,nishibalasubramanian7934@gmail.com,296,Rashid Heights,Green Park,110073,7.62E+09,14
88968802,Aayushman,,Narine,M,1964-10-24,aayushmannarine8124@gmail.com,132,Vivek Heights,Karol Bagh,110054,8.25E+09,15
65538982,Elias,,Surana,M,1961-09-19,eliassurana6361@gmail.com,433,Preet Apartments,Panchshil Enclave,110018,8.42E+09,16
21190924,Marlo,Raj,Kalla,M,1975-01-31,marlokalla5710@gmail.com,194,Amrit Apartments,IIT,110061,7.81E+09,17
15670972,Binod,,Kapur,F,1978-03-14,binodkapur7322@gmail.com,429,Ram Gopal Apartments,Mehrauli Gurgaon Road,110056,8.19E+09,18
13932412,Rehman,,Bhasin,M,1988-09-25,rehmanbhasin8472@gmail.com,494,Seema Villas,Paschim Vihar,110045,7.22E+09,19
89261922,Aishwarya,Vijayent,Kalita,F,1966-05-05,aishwaryakalita1283@gmail.com,33,Gulzar Apartments,Nizammuddin,110053,9.24E+09,20
11303446,Obaid,Rao,Bhatti,F,1960-04-06,obaidbhatti5932@gmail.com,259,Monin Apartments,Nizammuddin,110053,8.01E+09,21
73222686,Mehul,,Raj,F,1989-09-06,mehulraj3825@gmail.com,145,Jiya Villas,Friends Colony,110041,7.86E+09,22
75603565,Jyoti,Obaid,Solanki,M,1991-07-20,jyotisolanki6783@gmail.com,240,Jagdish Heights,Karol Bagh,110054,7.87E+09,23
58915019,Abhishek,,Venkatesh,M,1960-08-05,abhishekvenkatesh4768@gmail.com,233,Priyanka Apartments,Karol Bagh,110054,7.29E+09,24
58251013,Sameera,Dinesh,Pradhan,M,1972-04-08,sameerapradhan6739@gmail.com,287,Pamela Apartments,IIT,110061,9.54E+09,25
24401778,Manish,,Halder,M,2001-10-10,manishhalder634@gmail.com,261,Kim Society,Golf Links,110044,7.51E+09,26
40414305,Kalyan,,Bhatia,F,1960-06-29,kalyanbhatia2972@gmail.com,395,Laveena Villas,Paschim Vihar,110045,7.21E+09,27
63401267,Baber,Dev,Ramson,M,1995-08-16,baberramson1393@gmail.com,160,Narmada Apartments,Mayur Vihar,110074,7.61E+09,28
30327618,Pranay,Bhai,Varma,M,1975-07-23,pranayvarma6418@gmail.com,319,Geetanjali Villas,Naraina,110023,8.51E+09,29
45417236,Devendra,,Kala,M,2004-11-12,devendrakala7001@gmail.com,13,Kajol Society,Mehrauli Gurgaon Road,110056,7.47E+09,30
89401561,Niyati,,Sathe,F,2001-12-14,niyatisathe3473@gmail.com,196,Baber Villas,Narela,110043,9.03E+09,31
28577787,Sai,Dev,Mohabir,M,2005-03-25,saimohabir8838@gmail.com,229,Anees Society,International Airport,110032,9.91E+09,32
25670075,Kalyani,,Madan,M,1979-01-09,kalyanimadan4521@gmail.com,406,Umar Heights,Golf Links,110044,7.52E+09,33
36367782,Tarun,Naval,Banerjee,F,1972-05-09,tarunbanerjee6019@gmail.com,279,Owais Villas,Greater Kailash - I,110059,9.74E+09,34
57004579,Usman,Prasad,Handa,M,1969-08-25,usmanhanda8049@gmail.com,417,Ajay Heights,Mayur Vihar,110074,8.48E+09,35
63302095,Kim,,Sheth,M,1989-08-07,kimsheth1649@gmail.com,399,Nazir Society,Paharganj,110019,8.48E+09,36
28827698,Hina,,Bahl,F,2005-11-02,hinabahl120@gmail.com,28,Chitranjan Heights,IIT,110061,9.80E+09,37
11846282,Pranab,Dev,Kale,M,1991-08-11,pranabkale3969@gmail.com,67,Zara Heights,Karol Bagh,110054,8.69E+09,38
82943881,Bhola,Ram,Kota,M,1969-07-25,bholakota3243@gmail.com,364,Zara Villas,Nizammuddin,110053,8.13E+09,39
48037810,Aadish,Rao,Atwal,F,1994-01-27,aadishatwal7067@gmail.com,118,Usha Heights,IIT,110061,9.29E+09,40
20523801,Sirish,Chandra,Reddy,M,1978-12-11,sirishreddy3116@gmail.com,33,Lata Villas,Mehrauli Gurgaon Road,110056,7.98E+09,41
61303747,Virat,,Narasimhan,M,1982-05-17,viratnarasimhan8146@gmail.com,196,Afreen Society,Paharganj,110019,9.84E+09,42
21439407,Kartik,Singh,Ramanathan,M,1965-04-17,kartikramanathan913@gmail.com,239,Chitra Villas,Naraina,110023,8.01E+09,43
86107408,Tarun,Raj,Murty,M,1985-04-21,tarunmurty7122@gmail.com,36,Amir Villas,Golf Links,110044,8.44E+09,44
89635828,Nikita,Taahid,Shah,F,1988-04-17,nikitashah295@gmail.com,184,Kailash Heights,International Airport,110032,9.31E+09,45
53862718,Jamshed,Sirish,Pandey,F,1986-01-29,jamshedpandey2680@gmail.com,393,Saurabh Society,New Friends Colony,110038,7.54E+09,46
22604895,Falguni,Kushal,Biyani,F,1995-01-09,falgunibiyani2805@gmail.com,51,Parveen Apartments,Narela,110043,9.92E+09,47
72952108,Anees,,Sarkar,M,1963-02-27,aneessarkar3841@gmail.com,369,Rajendra Villas,Mayur Vihar,110074,9.22E+09,48
85372420,Tejaswani,Arjun,Rana,F,1999-02-22,tejaswanirana5851@gmail.com,18,Kailash Apartments,Karol Bagh,110054,8.28E+09,49
87709059,Koushtubh,,Mohanty,F,1960-03-23,koushtubhmohanty3223@gmail.com,459,Shweta Apartments,Mehrauli Gurgaon Road,110056,7.36E+09,50
13362979,Feroz,Sai,Rampersad,F,1965-10-04,ferozrampersad3998@gmail.com,315,Akshay Heights,Mehrauli Gurgaon Road,110056,8.55E+09,51
60839913,Abhinav,,Mehan,M,1996-05-08,abhinavmehan2823@gmail.com,145,Leelawati Villas,Nehru Place,110035,8.67E+09,52
25222963,Narmada,Kushal,Chandra,M,1972-06-18,narmadachandra4234@gmail.com,56,Julie Apartments,Green Park,110073,8.47E+09,53
47223811,Ghanshyam,,Hayer,F,1963-07-06,ghanshyamhayer8280@gmail.com,152,Leelawati Villas,Mehrauli Gurgaon Road,110056,7.56E+09,54
70852936,Tulsi,,Rattan,F,2001-02-01,tulsirattan33@gmail.com,2,Jyoti Heights,Mehrauli Gurgaon Road,110056,9.29E+09,55
77272470,Naval,Omar,Manda,M,1992-01-28,navalmanda1537@gmail.com,70,Anees Heights,Mayur Vihar,110074,8.21E+09,56
33223182,Hanuman,Kamlesh,Maharaj,M,1971-01-01,hanumanmaharaj1952@gmail.com,238,Albert Society,Paschim Vihar,110045,9.40E+09,57
26256032,Nitika,Bishnu,Sharaf,M,1985-12-19,nitikasharaf7918@gmail.com,487,Jamshed Villas,Paharganj,110019,8.44E+09,58
19596315,Manpreet,,Gandhi,M,1967-02-10,manpreetgandhi2976@gmail.com,489,Nakul Apartments,Nizammuddin,110053,8.23E+09,59
73074675,Fatima,Pravin,Sant,F,2002-01-05,fatimasant3109@gmail.com,121,Neha Villas,Karol Bagh,110054,7.71E+09,60
60615467,Qadim,,Saini,M,1967-11-03,qadimsaini4520@gmail.com,486,Hemendra Villas,Lajpat Nagar,110077,8.53E+09,61
56816225,Lata,,Sahota,F,1967-06-13,latasahota3629@gmail.com,258,Bhairavi Heights,Mayur Vihar,110074,8.35E+09,62
28732137,Shweta,,Sama,F,1979-11-14,shwetasama7674@gmail.com,31,Vijay Villas,New Friends Colony,110038,9.85E+09,63
24805498,Alex,Nayan,Suri,M,1966-01-24,alexsuri3968@gmail.com,310,Bhairavi Heights,Green Park,110073,7.61E+09,64
78619567,Ghalib,Qabool,Vyas,M,1975-01-12,ghalibvyas289@gmail.com,304,Nitika Villas,International Airport,110032,7.75E+09,65
28227646,Charlie,,Bahri,F,1974-12-06,charliebahri2736@gmail.com,298,Ritika Society,Nizammuddin,110053,9.23E+09,66
89096570,Fardeen,Raj,Dasgupta,M,1969-06-25,fardeendasgupta8174@gmail.com,138,Tarun Society,Golf Links,110044,9.87E+09,67
69954188,Arpit,,Gobin,F,1966-12-03,arpitgobin8952@gmail.com,485,Damini Heights,IIT,110061,7.74E+09,68
41390118,Vijay,Dev,Dua,M,2000-08-17,vijaydua1154@gmail.com,313,Sheetal Villas,Nizammuddin,110053,7.89E+09,69
82887696,Mohan,,Ganguly,F,1982-05-12,mohanganguly2943@gmail.com,194,Umesh Villas,Narela,110043,9.93E+09,70
32975485,Rupesh,,Choudhury,M,1994-02-22,rupeshchoudhury7525@gmail.com,71,Rimi Society,New Friends Colony,110038,7.38E+09,71
72226373,Krishna,,Chand,M,1979-09-15,krishnachand1083@gmail.com,156,Pravin Heights,Naraina,110023,8.16E+09,72
19498512,Vikrant,Jaswant,Rastogi,M,1972-09-25,vikrantrastogi2837@gmail.com,306,Padama Society,Narela,110043,7.56E+09,73
22798768,Tushar,,Anand,M,1977-10-02,tusharanand788@gmail.com,326,Sara Apartments,Narela,110043,7.33E+09,74
15456947,Naseer,,Karan,M,1962-03-23,naseerkaran7135@gmail.com,323,Nancy Heights,Paharganj,110019,7.83E+09,75
13833599,Sneha,,Chaudhari,F,1974-09-21,snehachaudhari1815@gmail.com,268,Nakul Society,Green Park,110073,7.60E+09,76
21242134,Riddhi,Ishat,Dhillon,F,1974-05-20,riddhidhillon6080@gmail.com,82,Wahid Heights,Narela,110043,8.84E+09,77
71850109,Taahid,,Nigam,F,1988-02-04,taahidnigam6687@gmail.com,123,Lalita Apartments,International Airport,110032,9.54E+09,78
49458837,Sirish,,Som,F,1987-04-09,sirishsom7788@gmail.com,187,Sirish Society,International Airport,110032,9.33E+09,79
88478016,Faisal,,Keer,M,1996-08-09,faisalkeer1295@gmail.com,11,Iqbal Society,Greater Kailash - I,110059,9.34E+09,80
69291617,Lata,,Natt,F,1979-11-10,latanatt5974@gmail.com,44,Naval Apartments,Green Park,110073,8.53E+09,81
78304996,Pranab,,Beharry,M,1986-09-29,pranabbeharry2630@gmail.com,156,Rajesh Apartments,Green Park,110073,8.79E+09,82
59742173,Alex,Lal,Toor,M,1968-09-07,alextoor309@gmail.com,67,Alpa Heights,Green Park,110073,7.74E+09,83
33063477,Rakhi,Jaswant,Zachariah,F,1984-11-21,rakhizachariah1641@gmail.com,265,Gayatri Heights,Paharganj,110019,7.30E+09,84
18478718,Kailash,,Hari,F,1989-01-24,kailashhari2509@gmail.com,15,Meghana Heights,IIT,110061,9.73E+09,85
77534296,Krishna,,Nath,F,1964-04-29,krishnanath673@gmail.com,73,Yogesh Villas,International Airport,110032,8.60E+09,86
18631345,Tanuja,Tabeed,Somani,F,1967-10-09,tanujasomani610@gmail.com,184,Jiya Apartments,Paharganj,110019,9.13E+09,87
54522166,Jyoti,,Chadha,M,1971-08-20,jyotichadha3206@gmail.com,153,Tejaswani Society,Green Park,110073,8.33E+09,88
33173591,Monin,,Gera,F,2005-09-26,moningera3332@gmail.com,84,Sapna Society,IIT,110061,8.90E+09,89
40166779,Akanksha,,Biyani,M,1991-02-13,akankshabiyani7656@gmail.com,437,Preet Villas,IIT,110061,9.41E+09,90
40981213,Jagruti,,Chakraborty,M,1982-06-15,jagrutichakraborty7094@gmail.com,246,Kamlesh Society,Lajpat Nagar,110077,9.98E+09,91
71440482,Charlie,Pratap,Raju,M,1962-01-29,charlieraju2059@gmail.com,241,Satish Villas,Lajpat Nagar,110077,7.98E+09,92
23004278,Navami,,Mannan,M,2006-01-26,navamimannan8152@gmail.com,154,Uma Heights,Lajpat Nagar,110077,9.96E+09,93
74844370,Preet,Hari,Sani,M,2002-07-04,preetsani55@gmail.com,428,Labeen Apartments,Naraina,110023,9.40E+09,94
23606797,Ghalib,Qabool,Naruka,M,1988-12-01,ghalibnaruka8294@gmail.com,138,Elias Villas,International Airport,110032,7.63E+09,95
84647935,Ujwal,Lal,Dixit,M,1991-05-21,ujwaldixit5181@gmail.com,17,Kunti Society,Greater Kailash - I,110059,8.23E+09,96
60137074,Rimi,,Kota,M,2003-08-17,rimikota652@gmail.com,201,Kajal Villas,Narela,110043,9.89E+09,97
42981570,Ragini,David,Wagle,F,1971-01-14,raginiwagle1679@gmail.com,309,Koushtubh Heights,Mehrauli Gurgaon Road,110056,7.71E+09,98
33297836,Abdul,,Ganesan,F,1979-03-20,abdulganesan129@gmail.com,253,Zeeshan Society,Karol Bagh,110054,8.82E+09,99
43758784,Atul,,Chana,F,1994-05-16,atulchana6235@gmail.com,74,Karim Apartments,Paschim Vihar,110045,9.18E+09,100
20822946,Ujwal,,Baria,M,2004-06-01,ujwalbaria8924@gmail.com,157,Richa Villas,Karol Bagh,110054,8.94E+09,1
33823612,Sahil,,Keer,M,1961-06-10,sahilkeer4613@gmail.com,340,Aastha Apartments,Greater Kailash - I,110059,7.27E+09,2
40405093,Narayan,Lal,Chia,F,1992-12-21,narayanchia3993@gmail.com,423,Mini Villas,IIT,110061,9.02E+09,3
48351286,Suraj,Lal,Chawla,M,1966-02-16,surajchawla2410@gmail.com,122,Urvashi Villas,New Friends Colony,110038,9.71E+09,4
84236048,Mitesh,Chandra,Sagar,M,1991-11-13,miteshsagar2077@gmail.com,264,Bagwati Apartments,IIT,110061,7.53E+09,5
23697581,Sara,,Chanda,F,1961-11-02,sarachanda8495@gmail.com,168,Mukti Heights,Green Park,110073,7.88E+09,6
63245283,Naseer,Dev,Narain,M,1972-09-16,naseernarain6744@gmail.com,65,Alex Society,New Friends Colony,110038,9.11E+09,7
24993139,Biren,,Dhaliwal,M,1965-10-08,birendhaliwal5928@gmail.com,391,Sohail Apartments,Mehrauli Gurgaon Road,110056,8.12E+09,8
28403518,Binod,,Sibal,F,1963-11-14,binodsibal7839@gmail.com,417,Jack Apartments,Friends Colony,110041,7.54E+09,9
54469686,Yamini,,Ranganathan,F,1971-02-08,yaminiranganathan3906@gmail.com,193,Jawahar Society,Lajpat Nagar,110077,7.67E+09,10
13566006,Kirti,,Srinivasan,F,1982-11-21,kirtisrinivasan5915@gmail.com,218,Satishwar Villas,Nehru Place,110035,8.89E+09,11
26914856,Suresh,,Bhatti,F,1985-11-05,sureshbhatti7990@gmail.com,140,Saurabh Heights,Mayur Vihar,110074,9.17E+09,12
83737870,Radhe,Yadunandan,Sridhar,M,1966-10-30,radhesridhar2613@gmail.com,416,Aarti Villas,Golf Links,110044,8.88E+09,13
63906026,Nayan,,Mathew,M,1982-08-06,nayanmathew59@gmail.com,228,Chameli Apartments,Golf Links,110044,9.74E+09,14
61887591,Rahim,Pratap,Chaudhuri,F,1998-11-05,rahimchaudhuri6345@gmail.com,311,Aditya Villas,Mehrauli Gurgaon Road,110056,7.31E+09,15
47498428,Hira,,Kapadia,F,1968-03-03,hirakapadia4168@gmail.com,466,Lakshmi Society,Mayur Vihar,110074,8.78E+09,16
23032453,Animesh,Rao,Dara,F,2001-11-02,animeshdara5670@gmail.com,85,Pirzada Apartments,Narela,110043,9.09E+09,17
89034861,Raju,,Rama,M,1961-03-02,rajurama4533@gmail.com,82,Ankita Villas,Narela,110043,8.03E+09,18
31066168,Nakul,,Manda,F,1964-03-05,nakulmanda5473@gmail.com,352,Laveena Villas,Narela,110043,8.22E+09,19
67292711,Peter,,Balasubramanian,F,1972-06-06,peterbalasubramanian4353@gmail.com,238,Avantika Heights,Friends Colony,110041,7.35E+09,20
64048622,Subhash,Nawab,Kala,F,1991-04-13,subhashkala5057@gmail.com,383,Sushant Apartments,Narela,110043,9.24E+09,21
88476252,Naresh,,Puri,F,1967-10-25,nareshpuri8547@gmail.com,159,Gayatri Villas,Greater Kailash - I,110059,7.17E+09,22
60068270,Sahil,Prasad,Shroff,F,1994-09-09,sahilshroff4496@gmail.com,399,Rohini Society,Naraina,110023,7.77E+09,23
74093116,Harpreet,,Balasubramanian,F,1999-02-19,harpreetbalasubramanian6631@gmail.com,449,Madhavi Villas,Lajpat Nagar,110077,9.63E+09,24
33012718,Neerendra,,Karnik,F,2001-11-08,neerendrakarnik5058@gmail.com,338,Nitika Heights,International Airport,110032,7.83E+09,25
46006072,Akshay,,Rampersaud,F,2003-12-06,akshayrampersaud194@gmail.com,488,Radhe Villas,Nehru Place,110035,9.09E+09,26
58543296,Gulzar,,Bora,M,1977-03-26,gulzarbora7636@gmail.com,309,Elias Apartments,Mehrauli Gurgaon Road,110056,8.85E+09,27
32196958,Surya,,Grover,M,1996-01-09,suryagrover2695@gmail.com,49,Aruna Heights,Narela,110043,8.28E+09,28
21687725,Amolika,,Raval,M,1974-04-14,amolikaraval8171@gmail.com,324,Monin Villas,International Airport,110032,9.69E+09,29
16608098,Mukund,Bhai,Wali,F,1992-07-16,mukundwali4338@gmail.com,203,Megha Heights,New Friends Colony,110038,8.25E+09,30
73473934,Prerna,,Bedi,M,1986-01-15,prernabedi499@gmail.com,364,Mohit Heights,Paharganj,110019,8.02E+09,31
35454333,Gayatri,,Pradhan,F,1985-05-09,gayatripradhan8305@gmail.com,55,Gaurav Apartments,Mehrauli Gurgaon Road,110056,9.37E+09,32
27675539,Hetan,Dev,Patil,F,1964-05-01,hetanpatil8246@gmail.com,474,Anil Heights,Mayur Vihar,110074,8.30E+09,33
33099651,Hari,,Divan,M,1966-04-05,haridivan4649@gmail.com,416,Vicky Villas,Narela,110043,7.36E+09,34
38135844,Aisha,,Balay,F,1996-11-25,aishabalay6140@gmail.com,392,Urmi Heights,IIT,110061,8.74E+09,35
