User_ID,Email,Username,Pass,Type_
53957299,kalyanipandit7745@gmail.com,kalyanipandit,60267949,CRME
50171057,ankitadhillon7744@gmail.com,ankitadhillon,84525773,CRME
78560025,navalchawla8794@gmail.com,navalchawla,21068137,CRME
26536970,mayawatihari2652@gmail.com,mayawatihari,60679670,CRME
43023959,namitagara5342@gmail.com,namitagara,14219131,CRME
63713080,urvashihegde1869@gmail.com,urvashihegde,41183130,CRME
65591535,gunjanramakrishnan3849@gmail.com,gunjanramakrishnan,70739536,CRME
52293088,kailashgrover2508@gmail.com,kailashgrover,83628034,CRME
49484353,aabhagill2842@gmail.com,aabhagill,75146926,CRME
42309815,rakhisehgal6154@gmail.com,rakhisehgal,47666988,CRME
24823468,mohitjha6766@gmail.com,mohitjha,82427836,CRME
31451812,vikrantom4601@gmail.com,vikrantom,65695866,CRME
55966002,omarhora5858@gmail.com,omarhora,19065571,CRME
17340389,arpitchoudhary1313@gmail.com,arpitchoudhary,40132548,CRME
75551053,zeeshanbahl7192@gmail.com,zeeshanbahl,61844646,CRME
19874719,wahidgupta4995@gmail.com,wahidgupta,41636402,CRME
42955669,amritasrivastava3261@gmail.com,amritasrivastava,85398124,CRME
73335441,muktimathew446@gmail.com,muktimathew,85860756,CRME
31818034,prasoonkade6538@gmail.com,prasoonkade,13641118,CRME
71124032,srinivasanravi2603@gmail.com,srinivasanravi,73721089,CRME
13631017,samirrau3419@gmail.com,samirrau,35583488,CRME
64572569,mowglijhaveri148@gmail.com,mowglijhaveri,59876737,CRME
58792861,ankitad’alia3977@gmail.com,ankitad’alia,50303939,CRME
37623444,lalitram7408@gmail.com,lalitram,40879521,CRME
52311614,rashidravi6898@gmail.com,rashidravi,61581536,CRME
56237221,ishatbhattacharyya1737@gmail.com,ishatbhattacharyya,43877268,CRME
80480009,mowgligupta7377@gmail.com,mowgligupta,57903586,CRME
53656591,tusharsawhney3580@gmail.com,tusharsawhney,80425974,CRME
26525148,vivekbaria8713@gmail.com,vivekbaria,23001982,CRME
35650083,chamelimody5125@gmail.com,chamelimody,66755962,CRME
50133432,muktisangha6008@gmail.com,muktisangha,46289172,CRME
32276978,nupoorshah4654@gmail.com,nupoorshah,54977552,CRME
30530445,emrankanda7509@gmail.com,emrankanda,26329512,CRME
18902447,amritbiswas8843@gmail.com,amritbiswas,69375072,CRME
49864170,farazramesh1267@gmail.com,farazramesh,83739600,CRME
66444886,akshayanand5551@gmail.com,akshayanand,23763345,CRME
30480912,tejaswanivora3562@gmail.com,tejaswanivora,28770502,CRME
22223248,rajbhakta6372@gmail.com,rajbhakta,54050239,CRME
71408632,zaratripathi17@gmail.com,zaratripathi,15082603,CRME
57740667,akhilkadakia98@gmail.com,akhilkadakia,53387831,CRME
44841587,aadishthaman7278@gmail.com,aadishthaman,31716234,CRME
39274986,anshutailor24@gmail.com,anshutailor,81131002,CRME
79017820,alkahans4505@gmail.com,alkahans,84397623,CRME
37098276,gulabkurian3982@gmail.com,gulabkurian,27754789,CRME
11597330,mukundtrivedi2147@gmail.com,mukundtrivedi,83358183,CRME
32508424,umarbhalla8447@gmail.com,umarbhalla,59763183,CRME
24920358,baalkrishanchohan6009@gmail.com,baalkrishanchohan,17525925,CRME
84466504,somnathchhabra5911@gmail.com,somnathchhabra,52428968,CRME
19169185,bharatgrover90@gmail.com,bharatgrover,18713661,CRME
16680838,jackganesh5475@gmail.com,jackganesh,14142978,CRME
29359065,karimkamdar2499@gmail.com,karimkamdar,31308945,CRME
41027563,javedgulati8898@gmail.com,javedgulati,63181291,CRME
59456593,hetandate3644@gmail.com,hetandate,51975947,CRME
87380711,dineshpradhan6642@gmail.com,dineshpradhan,75637066,CRME
16655888,miteshbava3233@gmail.com,miteshbava,31904688,CRME
73024584,giaandewan4516@gmail.com,giaandewan,76019404,CRME
85121322,daminibalakrishnan7763@gmail.com,daminibalakrishnan,88287844,CRME
51894582,pranayvenkatesh6294@gmail.com,pranayvenkatesh,37864395,CRME
58307211,meghayogi5583@gmail.com,meghayogi,61644781,CRME
83464015,kusumlala3024@gmail.com,kusumlala,69771735,CRME
61795274,preshitarampersad7234@gmail.com,preshitarampersad,14611858,CRME
79444633,abbassaraf1912@gmail.com,abbassaraf,11892832,CRME
18713207,babitasrinivasan2037@gmail.com,babitasrinivasan,17092047,CRME
83346627,navalgarde8496@gmail.com,navalgarde,87225821,CRME
12026848,himanisidhu7615@gmail.com,himanisidhu,42348986,CRME
30494337,nirmalchand1781@gmail.com,nirmalchand,24975812,CRME
71275908,fakaruddinnarula4494@gmail.com,fakaruddinnarula,51601561,CRME
68314015,marlomathew5934@gmail.com,marlomathew,42248544,CRME
48829830,akhilmehrotra3980@gmail.com,akhilmehrotra,45069083,CRME
79601545,sureshgara1297@gmail.com,sureshgara,36986976,CRME
28826590,akhildad2146@gmail.com,akhildad,35603017,CRME
71036995,arunmohabir4437@gmail.com,arunmohabir,18931454,CRME
23108807,jobinbal5105@gmail.com,jobinbal,83834946,CRME
53842702,aarushilanka2090@gmail.com,aarushilanka,65180844,CRME
88283648,preetloyal487@gmail.com,preetloyal,27439121,CRME
11312393,binitasekhon5412@gmail.com,binitasekhon,87160479,CRME
62616734,wahidchandra2925@gmail.com,wahidchandra,60427858,CRME
87592476,daminisami312@gmail.com,daminisami,24805056,CRME
21719735,deepeshnarayan3136@gmail.com,deepeshnarayan,28544689,CRME
81220568,koushtubhshroff4991@gmail.com,koushtubhshroff,54684194,CRME
44726205,balajikarpe7621@gmail.com,balajikarpe,37810169,CRME
79627720,somnathlal6411@gmail.com,somnathlal,56694470,CRME
39839388,krishnaravel3873@gmail.com,krishnaravel,29308598,CRME
34975787,ghalibparmer130@gmail.com,ghalibparmer,16887645,CRME
42586221,fardeenkale4883@gmail.com,fardeenkale,72071402,CRME
68371354,varunmogul3145@gmail.com,varunmogul,65845135,CRME
78690419,tanaychia684@gmail.com,tanaychia,22452062,CRME
53007390,sirishraghavan2416@gmail.com,sirishraghavan,38611330,CRME
70917909,supriyatank8104@gmail.com,supriyatank,84443712,CRME
18926109,mohanlalgala3340@gmail.com,mohanlalgala,48741200,CRME
58705784,rachelhora6717@gmail.com,rachelhora,37625612,CRME
45381926,chamelinagi7571@gmail.com,chamelinagi,82016601,CRME
32891040,aniruddhrau3821@gmail.com,aniruddhrau,52210345,CRME
69505280,nikitaraj2746@gmail.com,nikitaraj,12527463,CRME
84350301,miteshwadhwa3314@gmail.com,miteshwadhwa,65215634,CRME
87102571,ferozbansal1525@gmail.com,ferozbansal,56740955,CRME
56385621,jamshedsom3468@gmail.com,jamshedsom,84103153,CRME
46043314,urvashiharjo5132@gmail.com,urvashiharjo,46539519,CRME
11858070,yaminikaran8414@gmail.com,yaminikaran,78945156,CRME
84062888,kirtivohra5174@gmail.com,kirtivohra,11317193,CRME
14685862,gulzarchada2851@gmail.com,gulzarchada,60722938,CRME
83305194,muktichopra7077@gmail.com,muktichopra,55507364,CRME
80502566,azharnanda6431@gmail.com,azharnanda,53196365,CRME
72256082,sushmitadad5840@gmail.com,sushmitadad,66553023,CRME
48544980,adityamalhotra8143@gmail.com,adityamalhotra,15791796,CRME
17812204,kalyanraval2095@gmail.com,kalyanraval,47391540,CRME
44057177,natwarpal3184@gmail.com,natwarpal,31870824,CRME
40615995,sureshnadkarni3231@gmail.com,sureshnadkarni,10571661,CRME
51120995,ananyamital185@gmail.com,ananyamital,38957722,CRME
37222965,jasminrandhawa733@gmail.com,jasminrandhawa,76672082,CRME
53242304,rajendralodi8429@gmail.com,rajendralodi,30565001,CRME
14616298,ishasubramanian4865@gmail.com,ishasubramanian,23597335,CRME
24170912,tejaswanizacharia2015@gmail.com,tejaswanizacharia,18605051,CRME
19128732,preshitakakar6906@gmail.com,preshitakakar,24234205,CRME
61441079693,aarifmore2343@gmail.com,aarifmore,38890151,Complainant
7.56345E+11,saurabhdeo724@gmail.com,saurabhdeo,79257889,Complainant
3.24526E+11,babitaswamy5406@gmail.com,babitaswamy,85890540,Complainant
1.26955E+11,azharcheema7969@gmail.com,azharcheema,20804761,Complainant
7.563E+11,zaadjoshi4831@gmail.com,zaadjoshi,62927378,Complainant
5.0654E+11,tejaswaniviswanathan7478@gmail.com,tejaswaniviswanathan,30590341,Complainant
8.99575E+11,rajendrapradhan7232@gmail.com,rajendrapradhan,85944178,Complainant
5.45847E+11,jobinmalpani7254@gmail.com,jobinmalpani,28653131,Complainant
5.11162E+11,kabeerpatla4316@gmail.com,kabeerpatla,64016324,Complainant
3709623331,kirtisant1432@gmail.com,kirtisant,59557522,Complainant
4.00181E+11,marloravi2737@gmail.com,marloravi,55617844,Complainant
9.19175E+11,ganeshkhalsa7908@gmail.com,ganeshkhalsa,29177394,Complainant
5.38373E+11,hemendrachhabra916@gmail.com,hemendrachhabra,80583250,Complainant
4.15625E+11,vimalapingle3342@gmail.com,vimalapingle,55643195,Complainant
2.10462E+11,hrishikeshbhandari3824@gmail.com,hrishikeshbhandari,49358299,Complainant
7.72425E+11,ajaymane7125@gmail.com,ajaymane,62606642,Complainant
5.99689E+11,rashidsarraf3098@gmail.com,rashidsarraf,55212204,Complainant
2.43884E+11,qaboolchowdhury4198@gmail.com,qaboolchowdhury,13007042,Complainant
6.30818E+11,kiranoak6877@gmail.com,kiranoak,54368869,Complainant
2.23263E+11,richamallick3811@gmail.com,richamallick,43663082,Complainant
9.42228E+11,sapnamitra1693@gmail.com,sapnamitra,47816146,Complainant
2.31721E+11,varunnaidu7143@gmail.com,varunnaidu,64616825,Complainant
5.37199E+11,umakara2076@gmail.com,umakara,60234147,Complainant
1.00426E+11,vijayentparikh6974@gmail.com,vijayentparikh,38691515,Complainant
2.00523E+11,hrishikeshpardeshi2330@gmail.com,hrishikeshpardeshi,76867784,Complainant
7.35362E+11,kalpanasood7170@gmail.com,kalpanasood,49355638,Complainant
5.59081E+11,sukritirajagopalan3787@gmail.com,sukritirajagopalan,32371065,Complainant
1.07331E+11,akshayrattan8009@gmail.com,akshayrattan,89164128,Complainant
8.55485E+11,yogeshkaur3099@gmail.com,yogeshkaur,39258868,Complainant
2.33819E+11,radhemaster6912@gmail.com,radhemaster,62851610,Complainant
4.4772E+11,rashidsunder4544@gmail.com,rashidsunder,37255998,Complainant
8.70623E+11,abdultoor2420@gmail.com,abdultoor,85685264,Complainant
8.63646E+11,mukulmohabir7569@gmail.com,mukulmohabir,44719330,Complainant
4.73279E+11,kimkapadia7796@gmail.com,kimkapadia,80259443,Complainant
2.94929E+11,kalyanmehrotra2998@gmail.com,kalyanmehrotra,21193491,Complainant
1.92229E+11,nishitamehra3290@gmail.com,nishitamehra,59801056,Complainant
2.49912E+11,divyachaudhary1950@gmail.com,divyachaudhary,69527504,Complainant
4.94994E+11,viratvarkey1274@gmail.com,viratvarkey,40820468,Complainant
8.87545E+11,arjunjaggi7068@gmail.com,arjunjaggi,60733130,Complainant
1.03782E+11,sohailmathur4157@gmail.com,sohailmathur,43621484,Complainant
4.09976E+11,afreenmalpani3353@gmail.com,afreenmalpani,13626330,Complainant
3.85417E+11,atulshanker6565@gmail.com,atulshanker,13178003,Complainant
3.94014E+11,priyankapingle6544@gmail.com,priyankapingle,24253668,Complainant
6.76987E+11,preshitadutt5206@gmail.com,preshitadutt,27563202,Complainant
7.59389E+11,radhikaganesan1114@gmail.com,radhikaganesan,75984971,Complainant
3.18907E+11,mustafakoshy6438@gmail.com,mustafakoshy,50513541,Complainant
2.10301E+11,pinkyzacharia2348@gmail.com,pinkyzacharia,47832856,Complainant
1.56197E+11,hrishikeshcomar8697@gmail.com,hrishikeshcomar,54662391,Complainant
7.16105E+11,savitaramnarine4264@gmail.com,savitaramnarine,65706067,Complainant
9.53321E+11,baldevreddy6670@gmail.com,baldevreddy,16423343,Complainant
5.52029E+11,nazirkannan8418@gmail.com,nazirkannan,78247332,Complainant
99705864675,lalithari3124@gmail.com,lalithari,30348489,Complainant
5.96155E+11,harbhajanramaswamy1614@gmail.com,harbhajanramaswamy,83687473,Complainant
3.93228E+11,divyabeharry4812@gmail.com,divyabeharry,26693881,Complainant
4.96431E+11,rajendramurthy8602@gmail.com,rajendramurthy,20604841,Complainant
2.45667E+11,amirmohan1452@gmail.com,amirmohan,87285224,Complainant
3.63835E+11,ferozarya4783@gmail.com,ferozarya,72417939,Complainant
8.20038E+11,gowriagate8150@gmail.com,gowriagate,86655459,Complainant
2.73341E+11,narmadamohanty4435@gmail.com,narmadamohanty,31255601,Complainant
8.89514E+11,siddharthmahadeo6971@gmail.com,siddharthmahadeo,37058230,Complainant
8.71366E+11,radheshyamchoudhary6218@gmail.com,radheshyamchoudhary,83971152,Complainant
48719095925,ibrahimloke923@gmail.com,ibrahimloke,89215383,Complainant
5.27898E+11,neerendrathakkar7385@gmail.com,neerendrathakkar,17246544,Complainant
4.53911E+11,indirapalan6204@gmail.com,indirapalan,72312719,Complainant
41230731286,emrandasgupta7546@gmail.com,emrandasgupta,67395580,Complainant
8.7302E+11,somnathapte1654@gmail.com,somnathapte,18689126,Complainant
1.65624E+11,somnathoak8006@gmail.com,somnathoak,48081814,Complainant
7.7227E+11,ishasandal8585@gmail.com,ishasandal,74962606,Complainant
1.27909E+11,wahidparmar8159@gmail.com,wahidparmar,12975550,Complainant
9.80995E+11,manojsant924@gmail.com,manojsant,38752365,Complainant
2.86203E+11,narmadayohannan2122@gmail.com,narmadayohannan,88014381,Complainant
9.76488E+11,falgunilad6178@gmail.com,falgunilad,65294428,Complainant
7.12575E+11,rajeshjaggi1769@gmail.com,rajeshjaggi,60125613,Complainant
1.07402E+11,wahidsachar2347@gmail.com,wahidsachar,11485835,Complainant
2.68145E+11,wafiqthomas2494@gmail.com,wafiqthomas,44423420,Complainant
7.82315E+11,kirtiphilip7716@gmail.com,kirtiphilip,69914743,Complainant
6.01148E+11,qadimthakur8739@gmail.com,qadimthakur,72760540,Complainant
5.9924E+11,ananyatalwar5738@gmail.com,ananyatalwar,25433234,Complainant
2.63508E+11,sirishdar3944@gmail.com,sirishdar,46392307,Complainant
8.75956E+11,viveksethi3832@gmail.com,viveksethi,67296817,Complainant
8.72615E+11,himaninagar6492@gmail.com,himaninagar,25388681,Complainant
2.16486E+11,moninlachman6685@gmail.com,moninlachman,87631117,Complainant
8.0872E+11,abhinavchahal5073@gmail.com,abhinavchahal,54778860,Complainant
4.89499E+11,dineshgeorge4746@gmail.com,dineshgeorge,36588335,Complainant
5.71694E+11,pamelasheth8997@gmail.com,pamelasheth,87781522,Complainant
8.21306E+11,bishnukorpal7431@gmail.com,bishnukorpal,58234819,Complainant
6.88783E+11,amritsaxena7740@gmail.com,amritsaxena,84341620,Complainant
7.36185E+11,jayshreemammen1120@gmail.com,jayshreemammen,34995004,Complainant
7.06602E+11,ehsaanchakrabarti7901@gmail.com,ehsaanchakrabarti,37921008,Complainant
21509693466,charandeeplata6751@gmail.com,charandeeplata,47996469,Complainant
4.93108E+11,rammitter1243@gmail.com,rammitter,59505905,Complainant
7.90064E+11,rajeshbaral5344@gmail.com,rajeshbaral,58901035,Complainant
6.17201E+11,kalyanivarghese2677@gmail.com,kalyanivarghese,69925002,Complainant
61091115587,ramparsa8460@gmail.com,ramparsa,12955217,Complainant
5.95536E+11,rachelsinghal7915@gmail.com,rachelsinghal,13113325,Complainant
2.01242E+11,aniruddhchanda3358@gmail.com,aniruddhchanda,61168025,Complainant
6.40004E+11,qadimshan7691@gmail.com,qadimshan,50601137,Complainant
9.45955E+11,abhinavsarraf8655@gmail.com,abhinavsarraf,71427584,Complainant
6.2853E+11,usmanparekh4360@gmail.com,usmanparekh,70428079,Complainant
1.10217E+11,kabeernagar5532@gmail.com,kabeernagar,27646547,Complainant
39613961,devendramistry4829@gmail.com,devendramistry,88777601,Police
75940865,nishitanarayanan8083@gmail.com,nishitanarayanan,78547219,Police
58856776,mustafakapadia4752@gmail.com,mustafakapadia,47664901,Police
39144307,albertbandi1381@gmail.com,albertbandi,41089542,Police
88392774,mohithanda1377@gmail.com,mohithanda,50393662,Police
20619148,krishnad’alia5090@gmail.com,krishnad’alia,89479378,Police
89416486,ananyadeep3406@gmail.com,ananyadeep,43402257,Police
63813275,nainanagar4944@gmail.com,nainanagar,89788234,Police
47860353,manojchadha287@gmail.com,manojchadha,57365365,Police
36708486,harinagar1272@gmail.com,harinagar,31218511,Police
66538693,saurabhbhatia198@gmail.com,saurabhbhatia,71783834,Police
69433731,wafaom4211@gmail.com,wafaom,50265045,Police
87807788,gulabprabhakar3054@gmail.com,gulabprabhakar,61739950,Police
22454582,nishibalasubramanian7934@gmail.com,nishibalasubramanian,79188848,Police
88968802,aayushmannarine8124@gmail.com,aayushmannarine,63567407,Police
65538982,eliassurana6361@gmail.com,eliassurana,74679999,Police
21190924,marlokalla5710@gmail.com,marlokalla,80792894,Police
15670972,binodkapur7322@gmail.com,binodkapur,89929645,Police
13932412,rehmanbhasin8472@gmail.com,rehmanbhasin,48155933,Police
89261922,aishwaryakalita1283@gmail.com,aishwaryakalita,51731153,Police
11303446,obaidbhatti5932@gmail.com,obaidbhatti,34918058,Police
73222686,mehulraj3825@gmail.com,mehulraj,77805872,Police
75603565,jyotisolanki6783@gmail.com,jyotisolanki,26659911,Police
58915019,abhishekvenkatesh4768@gmail.com,abhishekvenkatesh,47999789,Police
58251013,sameerapradhan6739@gmail.com,sameerapradhan,15323942,Police
24401778,manishhalder634@gmail.com,manishhalder,76685922,Police
40414305,kalyanbhatia2972@gmail.com,kalyanbhatia,45660424,Police
63401267,baberramson1393@gmail.com,baberramson,52167073,Police
30327618,pranayvarma6418@gmail.com,pranayvarma,48360419,Police
45417236,devendrakala7001@gmail.com,devendrakala,37068280,Police
89401561,niyatisathe3473@gmail.com,niyatisathe,49260682,Police
28577787,saimohabir8838@gmail.com,saimohabir,13588941,Police
25670075,kalyanimadan4521@gmail.com,kalyanimadan,70927923,Police
36367782,tarunbanerjee6019@gmail.com,tarunbanerjee,32509597,Police
57004579,usmanhanda8049@gmail.com,usmanhanda,86609408,Police
63302095,kimsheth1649@gmail.com,kimsheth,12485071,Police
28827698,hinabahl120@gmail.com,hinabahl,28615140,Police
11846282,pranabkale3969@gmail.com,pranabkale,65337954,Police
82943881,bholakota3243@gmail.com,bholakota,84318267,Police
48037810,aadishatwal7067@gmail.com,aadishatwal,87451388,Police
20523801,sirishreddy3116@gmail.com,sirishreddy,42353736,Police
61303747,viratnarasimhan8146@gmail.com,viratnarasimhan,85706442,Police
21439407,kartikramanathan913@gmail.com,kartikramanathan,40144866,Police
86107408,tarunmurty7122@gmail.com,tarunmurty,37075216,Police
89635828,nikitashah295@gmail.com,nikitashah,68445196,Police
53862718,jamshedpandey2680@gmail.com,jamshedpandey,53694100,Police
22604895,falgunibiyani2805@gmail.com,falgunibiyani,72043314,Police
72952108,aneessarkar3841@gmail.com,aneessarkar,55875900,Police
85372420,tejaswanirana5851@gmail.com,tejaswanirana,74215907,Police
87709059,koushtubhmohanty3223@gmail.com,koushtubhmohanty,37146897,Police
13362979,ferozrampersad3998@gmail.com,ferozrampersad,75191390,Police
60839913,abhinavmehan2823@gmail.com,abhinavmehan,14259682,Police
25222963,narmadachandra4234@gmail.com,narmadachandra,61472950,Police
47223811,ghanshyamhayer8280@gmail.com,ghanshyamhayer,68822597,Police
70852936,tulsirattan33@gmail.com,tulsirattan,73116070,Police
77272470,navalmanda1537@gmail.com,navalmanda,83123386,Police
33223182,hanumanmaharaj1952@gmail.com,hanumanmaharaj,38269696,Police
26256032,nitikasharaf7918@gmail.com,nitikasharaf,69999308,Police
19596315,manpreetgandhi2976@gmail.com,manpreetgandhi,43229350,Police
73074675,fatimasant3109@gmail.com,fatimasant,75770914,Police
60615467,qadimsaini4520@gmail.com,qadimsaini,11480179,Police
56816225,latasahota3629@gmail.com,latasahota,52865798,Police
28732137,shwetasama7674@gmail.com,shwetasama,44058537,Police
24805498,alexsuri3968@gmail.com,alexsuri,49311371,Police
78619567,ghalibvyas289@gmail.com,ghalibvyas,12848294,Police
28227646,charliebahri2736@gmail.com,charliebahri,27034347,Police
89096570,fardeendasgupta8174@gmail.com,fardeendasgupta,11902418,Police
69954188,arpitgobin8952@gmail.com,arpitgobin,66862534,Police
41390118,vijaydua1154@gmail.com,vijaydua,29254108,Police
82887696,mohanganguly2943@gmail.com,mohanganguly,78008778,Police
32975485,rupeshchoudhury7525@gmail.com,rupeshchoudhury,48333405,Police
72226373,krishnachand1083@gmail.com,krishnachand,81878397,Police
19498512,vikrantrastogi2837@gmail.com,vikrantrastogi,37534546,Police
22798768,tusharanand788@gmail.com,tusharanand,12719590,Police
15456947,naseerkaran7135@gmail.com,naseerkaran,87119520,Police
13833599,snehachaudhari1815@gmail.com,snehachaudhari,81382117,Police
21242134,riddhidhillon6080@gmail.com,riddhidhillon,24325608,Police
71850109,taahidnigam6687@gmail.com,taahidnigam,21619193,Police
49458837,sirishsom7788@gmail.com,sirishsom,11198142,Police
88478016,faisalkeer1295@gmail.com,faisalkeer,53048774,Police
69291617,latanatt5974@gmail.com,latanatt,42188135,Police
78304996,pranabbeharry2630@gmail.com,pranabbeharry,88363012,Police
59742173,alextoor309@gmail.com,alextoor,23487873,Police
33063477,rakhizachariah1641@gmail.com,rakhizachariah,45392955,Police
18478718,kailashhari2509@gmail.com,kailashhari,68530308,Police
77534296,krishnanath673@gmail.com,krishnanath,21390172,Police
18631345,tanujasomani610@gmail.com,tanujasomani,30415933,Police
54522166,jyotichadha3206@gmail.com,jyotichadha,19317229,Police
33173591,moningera3332@gmail.com,moningera,52023505,Police
40166779,akankshabiyani7656@gmail.com,akankshabiyani,12793587,Police
40981213,jagrutichakraborty7094@gmail.com,jagrutichakraborty,24613300,Police
71440482,charlieraju2059@gmail.com,charlieraju,38040909,Police
23004278,navamimannan8152@gmail.com,navamimannan,28836566,Police
74844370,preetsani55@gmail.com,preetsani,39322017,Police
23606797,ghalibnaruka8294@gmail.com,ghalibnaruka,79417821,Police
84647935,ujwaldixit5181@gmail.com,ujwaldixit,67399376,Police
60137074,rimikota652@gmail.com,rimikota,56981592,Police
42981570,raginiwagle1679@gmail.com,raginiwagle,82792504,Police
33297836,abdulganesan129@gmail.com,abdulganesan,56477319,Police
43758784,atulchana6235@gmail.com,atulchana,28327402,Police
20822946,ujwalbaria8924@gmail.com,ujwalbaria,82910069,Police
33823612,sahilkeer4613@gmail.com,sahilkeer,24357704,Police
40405093,narayanchia3993@gmail.com,narayanchia,41596971,Police
48351286,surajchawla2410@gmail.com,surajchawla,34654385,Police
84236048,miteshsagar2077@gmail.com,miteshsagar,80978249,Police
23697581,sarachanda8495@gmail.com,sarachanda,46393096,Police
63245283,naseernarain6744@gmail.com,naseernarain,51790568,Police
24993139,birendhaliwal5928@gmail.com,birendhaliwal,78115839,Police
28403518,binodsibal7839@gmail.com,binodsibal,89189943,Police
54469686,yaminiranganathan3906@gmail.com,yaminiranganathan,42124693,Police
13566006,kirtisrinivasan5915@gmail.com,kirtisrinivasan,38012854,Police
26914856,sureshbhatti7990@gmail.com,sureshbhatti,47705461,Police
83737870,radhesridhar2613@gmail.com,radhesridhar,56568566,Police
63906026,nayanmathew59@gmail.com,nayanmathew,35178197,Police
61887591,rahimchaudhuri6345@gmail.com,rahimchaudhuri,12250391,Police
47498428,hirakapadia4168@gmail.com,hirakapadia,41851274,Police
23032453,animeshdara5670@gmail.com,animeshdara,12027164,Police
89034861,rajurama4533@gmail.com,rajurama,71024293,Police
31066168,nakulmanda5473@gmail.com,nakulmanda,54986639,Police
67292711,peterbalasubramanian4353@gmail.com,peterbalasubramanian,50328733,Police
64048622,subhashkala5057@gmail.com,subhashkala,57051185,Police
88476252,nareshpuri8547@gmail.com,nareshpuri,26112948,Police
60068270,sahilshroff4496@gmail.com,sahilshroff,46848576,Police
74093116,harpreetbalasubramanian6631@gmail.com,harpreetbalasubramanian,88379171,Police
33012718,neerendrakarnik5058@gmail.com,neerendrakarnik,34989424,Police
46006072,akshayrampersaud194@gmail.com,akshayrampersaud,45101022,Police
58543296,gulzarbora7636@gmail.com,gulzarbora,55291898,Police
32196958,suryagrover2695@gmail.com,suryagrover,26585257,Police
21687725,amolikaraval8171@gmail.com,amolikaraval,68225850,Police
16608098,mukundwali4338@gmail.com,mukundwali,13201049,Police
73473934,prernabedi499@gmail.com,prernabedi,60232053,Police
35454333,gayatripradhan8305@gmail.com,gayatripradhan,48602527,Police
27675539,hetanpatil8246@gmail.com,hetanpatil,42684917,Police
33099651,haridivan4649@gmail.com,haridivan,46364829,Police
38135844,aishabalay6140@gmail.com,aishabalay,28221834,Police
60767216,johnwahidbandi141@gmail.com,johnwahidbandi,71008874,Admin
76591943,usmanlata56@gmail.com,usmanlata,50022486,Admin
57823813,sirishkailashsha377@gmail.com,sirishkailashsha,86028637,Admin
54732783,nawabdayal307@gmail.com,nawabdayal,68485622,Admin
30482822,aniruddhbumb565@gmail.com,aniruddhbumb,68104716,Admin
85124642,bharatbhaideol679@gmail.com,bharatbhaideol,22170212,Admin
61431243,devikasehgal798@gmail.com,devikasehgal,61892517,Admin
80019992,anildevpuri141@gmail.com,anildevpuri,41661111,Admin
18832830,nazircharlieharjo151@gmail.com,nazircharlieharjo,60345711,Admin
77204074,baalkrishannirmalvasa861@gmail.com,baalkrishannirmalvasa,79713647,Admin
66381583,jyotibijoykohli270@gmail.com,jyotibijoykohli,30329072,Admin
29541969,heerqabeelchauhan47@gmail.com,heerqabeelchauhan,49543087,Admin
32388018,habibkade681@gmail.com,habibkade,55447925,Admin
43370035,padminitabeedraja461@gmail.com,padminitabeedraja,89629600,Admin
19518407,madhubeharry357@gmail.com,madhubeharry,52489629,Admin
83388829,bholaekbalmurthy470@gmail.com,bholaekbalmurthy,52302322,Admin
86677995,ritikawali427@gmail.com,ritikawali,43599972,Admin
97392782,sirishchandragarg773@gmail.com,sirishchandragarg,20568552,Admin
44320965,aarifkapoor113@gmail.com,aarifkapoor,48785138,Admin
36320596,juliepravinroy710@gmail.com,juliepravinroy,48768678,Admin
55160830,animeshkadakia404@gmail.com,animeshkadakia,83288842,Admin
64664488,rupeshdeo798@gmail.com,rupeshdeo,28438328,Admin
56688456,pranabkumarpandya855@gmail.com,pranabkumarpandya,75610247,Admin
46068203,meghabatra874@gmail.com,meghabatra,18186230,Admin
68675769,aayushmanprataptoor363@gmail.com,aayushmanprataptoor,50661666,Admin
41582502,mehulvirk289@gmail.com,mehulvirk,30261274,Admin
87894927,baalkrishanwadhwa685@gmail.com,baalkrishanwadhwa,85175418,Admin
90320010,wahidsinghbatta275@gmail.com,wahidsinghbatta,81290042,Admin
84047678,anjanasuryashenoy875@gmail.com,anjanasuryashenoy,55348297,Admin
96695188,govindjoshi711@gmail.com,govindjoshi,47521409,Admin
64468247,abbasrashidkapadia297@gmail.com,abbasrashidkapadia,75460941,Admin
69781588,hanumandora77@gmail.com,hanumandora,76256884,Admin
32303616,miteshramkhare690@gmail.com,miteshramkhare,64437182,Admin
46084437,charliebanerjee410@gmail.com,charliebanerjee,48803613,Admin
28525811,alexramkapoor470@gmail.com,alexramkapoor,63502292,Admin
75109468,radheshyamsastry318@gmail.com,radheshyamsastry,59368988,Admin
74602408,ajaywalla799@gmail.com,ajaywalla,21693309,Admin
19666283,labeenkuruvilla98@gmail.com,labeenkuruvilla,75071235,Admin
18786468,pushpawahidde485@gmail.com,pushpawahidde,82146110,Admin
62459245,indirachia596@gmail.com,indirachia,82126172,Admin
59060591,parvezmohanwagle277@gmail.com,parvezmohanwagle,43164036,Admin
40680894,teenazacharia615@gmail.com,teenazacharia,60428978,Admin
23477923,sameerauppal780@gmail.com,sameerauppal,82814156,Admin
35505566,yogeshmodi849@gmail.com,yogeshmodi,70457992,Admin
93115097,abbasqaboolraja188@gmail.com,abbasqaboolraja,54484603,Admin
74512513,falgunibalay709@gmail.com,falgunibalay,15439839,Admin
26554830,navamimital576@gmail.com,navamimital,28078881,Admin
46902100,chhayasrinivasanparikh664@gmail.com,chhayasrinivasanparikh,49011767,Admin
35442729,jawahardevcheema543@gmail.com,jawahardevcheema,85060610,Admin
57118534,rohinipandey260@gmail.com,rohinipandey,51050465,Admin
43516655,ghalibramaswamy65@gmail.com,ghalibramaswamy,63874570,Admin
29548899,ratanrajdube112@gmail.com,ratanrajdube,85405343,Admin
29547002,lakshmitanaydas356@gmail.com,lakshmitanaydas,46455085,Admin
63156120,runjhunpersaud748@gmail.com,runjhunpersaud,27268421,Admin
13019436,kirtimanne692@gmail.com,kirtimanne,21960634,Admin
34702867,pinkylad665@gmail.com,pinkylad,48803879,Admin
70980721,pinkydas871@gmail.com,pinkydas,33689758,Admin
29046059,nandinisurajsarna688@gmail.com,nandinisurajsarna,71590579,Admin
23650603,nakultailor752@gmail.com,nakultailor,53678649,Admin
29076074,darpanjacob196@gmail.com,darpanjacob,80831253,Admin
37594748,afreenmammen737@gmail.com,afreenmammen,35259996,Admin
94499380,pradeepchar504@gmail.com,pradeepchar,30517451,Admin
87788206,eddiesekhon876@gmail.com,eddiesekhon,88967062,Admin
59985134,emrankabeermathew792@gmail.com,emrankabeermathew,22403168,Admin
15891932,nawabramsanghvi881@gmail.com,nawabramsanghvi,79964113,Admin
54919498,seemasankaran586@gmail.com,seemasankaran,61682646,Admin
95302797,arunpetersaini459@gmail.com,arunpetersaini,83968767,Admin
13746920,vineetagrover321@gmail.com,vineetagrover,20019001,Admin
89520102,divyachad459@gmail.com,divyachad,14359587,Admin
13847034,ankitayogi58@gmail.com,ankitayogi,75434309,Admin
25168218,binoyarampersad17@gmail.com,binoyarampersad,65067624,Admin
53158650,alexkumer664@gmail.com,alexkumer,17767810,Admin
95783321,usmankushalmallick864@gmail.com,usmankushalmallick,36675219,Admin
12649936,kamleshzachariah585@gmail.com,kamleshzachariah,54427483,Admin
80435065,urmilapau343@gmail.com,urmilapau,57152599,Admin
34927574,baalkrishanraoparsa479@gmail.com,baalkrishanraoparsa,67734437,Admin
15242956,arjunmohan334@gmail.com,arjunmohan,73315145,Admin
36264120,ratanandra806@gmail.com,ratanandra,67797729,Admin
77672410,vijaychandraraghavan58@gmail.com,vijaychandraraghavan,74061715,Admin
61700580,zaadatwal780@gmail.com,zaadatwal,41567635,Admin
83969899,devikakanda496@gmail.com,devikakanda,22951877,Admin
78459615,tushardevpal546@gmail.com,tushardevpal,33410998,Admin
76624683,albertsinghjhaveri199@gmail.com,albertsinghjhaveri,45052325,Admin
41773962,urvashimangal257@gmail.com,urvashimangal,45505270,Admin
23711313,avantikaaggarwal711@gmail.com,avantikaaggarwal,71618081,Admin
13543161,madhudayal595@gmail.com,madhudayal,19622920,Admin
54592097,roseymohabir639@gmail.com,roseymohabir,75217419,Admin
83492812,kirandhanushramroop289@gmail.com,kirandhanushramroop,72112124,Admin
18084241,mayawatiyohannan685@gmail.com,mayawatiyohannan,39763206,Admin
91588810,himanshucheema744@gmail.com,himanshucheema,11733108,Admin
13159719,priyankapradeepmahal788@gmail.com,priyankapradeepmahal,73894371,Admin
87526153,siddharthdayal391@gmail.com,siddharthdayal,29873351,Admin
94091821,umaiqbalmane77@gmail.com,umaiqbalmane,12544593,Admin
42239185,qaboolgade780@gmail.com,qaboolgade,29675832,Admin
75053956,leelaram404@gmail.com,leelaram,48466896,Admin
68112161,ganeshamirbanik376@gmail.com,ganeshamirbanik,29770986,Admin
20956977,kushalmathew559@gmail.com,kushalmathew,80178046,Admin
79651022,latahabibsaha295@gmail.com,latahabibsaha,43714904,Admin
30773445,sahilprasadmaheshwari88@gmail.com,sahilprasadmaheshwari,23949706,Admin
84547141,alexramdevan153@gmail.com,alexramdevan,60492219,Admin
47997169,savitabaldevkarnik541@gmail.com,savitabaldevkarnik,50994110,Admin
86512894,kushalkurian60@gmail.com,kushalkurian,49697343,Admin
1038,aadildevshah329@gmail.com,aadilshah,6.06E+08,Investigating Body
1024,aartibumb52@gmail.com,aartibumb,1.19E+08,Investigating Body
1016,aasthabehl12@gmail.com,aasthabehl,7.75E+08,Investigating Body
1047,abhishekraomenon342@gmail.com,abhishekmenon,1.55E+08,Investigating Body
1050,aishwaryatalwar95@gmail.com,aishwaryatalwar,91461918,Investigating Body
1017,akhilramanathan723@gmail.com,akhilramanathan,25001968,Investigating Body
1033,babersharaf151@gmail.com,babersharaf,8.46E+08,Investigating Body
1022,bimlawafiqmeka816@gmail.com,bimlameka,2.61E+08,Investigating Body
1037,brocknath830@gmail.com,brocknath,6.02E+08,Investigating Body
1020,charliechoudhry56@gmail.com,charliechoudhry,6.35E+08,Investigating Body
1036,chinmaygeorge233@gmail.com,chinmaygeorge,2.47E+08,Investigating Body
1004,daanishsinghnori254@gmail.com,daanishnori,3.45E+08,Investigating Body
1019,daminiparikh306@gmail.com,daminiparikh,1.14E+08,Investigating Body
1001,diptiphilip329@gmail.com,diptiphilip,93939653,Investigating Body
1012,faisalsathe79@gmail.com,faisalsathe,8.95E+08,Investigating Body
1007,ganeshchandrapatla2@gmail.com,ganeshpatla,4.48E+08,Investigating Body
1006,govindnaseermurthy48@gmail.com,govindmurthy,5.84E+08,Investigating Body
1009,gunjandarpanloke783@gmail.com,gunjanloke,4.09E+08,Investigating Body
1029,hemacomar768@gmail.com,hemacomar,89557705,Investigating Body
1025,hemendrasekhon37@gmail.com,hemendrasekhon,4.96E+08,Investigating Body
1035,kushalsen685@gmail.com,kushalsen,78437701,Investigating Body
1005,labeenchandrade533@gmail.com,labeende,2.87E+08,Investigating Body
1021,miteshsrinivasan629@gmail.com,miteshsrinivasan,42745182,Investigating Body
1027,mohanraja102@gmail.com,mohanraja,2.75E+08,Investigating Body
1023,mridulamoninmaraj407@gmail.com,mridulamaraj,8.20E+08,Investigating Body
1044,naseertripathi756@gmail.com,naseertripathi,5.55E+08,Investigating Body
1002,nazirsinghraval151@gmail.com,nazirraval,5.14E+08,Investigating Body
1032,neerendrapratapbhat86@gmail.com,neerendrabhat,5.64E+08,Investigating Body
1034,nilimakirtithakkar861@gmail.com,nilimathakkar,4.35E+08,Investigating Body
1018,nitikalodi182@gmail.com,nitikalodi,7.84E+08,Investigating Body
1043,owaisnazirpalan254@gmail.com,owaispalan,1.10E+08,Investigating Body
1026,padamaqaboolmagar713@gmail.com,padamamagar,8.72E+08,Investigating Body
1039,pirzadaarjunranganathan576@gmail.com,pirzadaranganathan,3.57E+08,Investigating Body
1028,prabhatyadumathew96@gmail.com,prabhatmathew,1.33E+08,Investigating Body
1049,preetchoudhary488@gmail.com,preetchoudhary,1.71E+08,Investigating Body
1011,rajendragoyal201@gmail.com,rajendragoyal,8.36E+08,Investigating Body
1008,ramgopalneerendrasodhani586@gmail.com,ramgopal,7.71E+08,Investigating Body
1046,riddhibasu97@gmail.com,riddhibasu,7.21E+08,Investigating Body
1030,rupalchandranagi590@gmail.com,rupalnagi,8.73E+08,Investigating Body
1003,rupeshgill8@gmail.com,rupeshgill,7.33E+08,Investigating Body
1014,satishwarnarang187@gmail.com,satishwarnarang,3.01E+08,Investigating Body
1040,siddharthbabu386@gmail.com,siddharthbabu,3.99E+08,Investigating Body
1042,sonaguha509@gmail.com,sonaguha,58707295,Investigating Body
1031,suryachadha687@gmail.com,suryachadha,3.50E+08,Investigating Body
1048,urvashigolla500@gmail.com,urvashigolla,7.25E+08,Investigating Body
1015,vivekshroff437@gmail.com,vivekshroff,6.25E+08,Investigating Body
1010,wahidtanaychowdhury207@gmail.com,wahidchowdhury,2.05E+08,Investigating Body
1013,yadunandansachdev358@gmail.com,yadunandansachdev,3.67E+08,Investigating Body
1045,yaminisandhu591@gmail.com,yaminisandhu,6.30E+08,Investigating Body
1041,yashraochoudhry843@gmail.com,yashchoudhry,7.24E+08,Investigating Body
